Order Date,Dispute Register Date ,Order ID,Transaction,Ticket Number ,Return Type,Product Name,Category L1,Amount,Seller name,Dispute Reason,Additional Comments,Case Status,Case closed date,Payment Status
2020/01/17,2020/04/05,200117-006-859539,100154008773391,4007057099,CIR,Google Nest Mini (2nd Gen) - Charcoal,Electronics,4499,HARDTRAC COMPUTER SERVICES PVT LTD,Seal Open,Close on 100%,Resolved,2020/04/29,Payment Cleared
2020/03/08,2020/04/05,200308-007-265106,124408009279496,4007057096,CIR,GoPro Hero 8 CHDHX-801 12MP Sports and Action Camera - Holiday Bundle (Black),Electronics,35340,IMASTUDENT.COM,Seal Open,Close on Rs.1000,Resolved,2020/04/29,Payment Cleared
2020/02/27,2020/04/05,200227-007-192386,124408009191295,4007057097,CIR,GoPro Hero 7 CHDHX-701-RW 12 MP Sports and Action Camera - Holiday Bundle (Black),Electronics,27790,IMASTUDENT.COM,Seal Open,Close on Rs.1000,Resolved,2020/04/29,Payment Cleared
2020/02/19,2020/04/09,200219-007-128700,124868009114727,4007057052,CIR,Epson EcoTank L3110 Multi-Function AIO Ink Tank Printer (Black),Electronics,10199,JAYNA INDIA PRIVATE LIMITED,Damaged Product,Close on 70%,Resolved,2020/04/09,Payment Cleared
2020/01/20,2020/04/10,200120-006-904025,124002008833994,4007057053,CIR,"Panasonic 108 cm (43 Inches) Smart 4K Ultra HD LED TV TH-43GX750D (2019 Model, Black)",Electronics,43670,Refrigeration & Cooling Industries,Damaged Product,No Compensation - Used tv Sent again order ID- 191003-005-862541 ,Resolved,2020/05/12,Payment Pending
2019/11/23,2020/04/24,191123-006-341948,100073008077350,4007057081,CIR,"Nokia 4.2 32 GB (Black) 3 GB RAM, Dual SIM 4G",Electronics,7650,Vardhman Tele Marketing,Wrong Product,Close on 100%,Resolved,2020/04/29,Payment Cleared
2019/11/15,2020/04/28,191115-006-283124,124461008006987,4007057082,RTO,Nike Air Zoom Vomero 14 Indigo Blue Running Shoes,Footwear,9352,ATHELTISME INTERNET,Wrong Product,Compensate full amount,Resolved,2020/05/18,Payment Cleared
2020/02/05,2020/04/28,200205-007-030100,124461008995807,4007057083,CIR,Nike Lunarglide 8 Black Running Shoes,Footwear,8621,ATHELTISME INTERNET,Wrong Product,Compensate full amount,Resolved,2020/05/18,Payment Cleared
2020/03/12,2020/04/29,200312-007-297830,100010009318343,4007057084,CIR,RealMe RMA137 10000mAh Power Bank (Grey),Electronics,1299,Bathla Teletech Pvt Ltd,Seal Open,Close on 100%,Resolved,2020/05/12,Payment Cleared
2020/03/12,2020/04/29,200312-007-294403,100010009314322,4007057085,CIR,RealMe Buds Air True Wireless With Mic (White),Electronics,3999,Bathla Teletech Pvt Ltd,Seal Open,Close on 100%,Resolved,2020/05/12,Payment Cleared
2020/03/08,2020/04/29,200308-007-263355,100010009277263,4007057086,CIR,Apple Folio Smart Wireless Keyboard for 12.9 inch iPad Pro 3rd Generation (Black),Electronics,17599,Bathla Teletech Pvt Ltd,Seal Open,Close on 100%,Resolved,2020/05/12,Payment Cleared
2020/03/05,2020/04/29,200305-007-244654,100010009254716,4007057087,CIR,Realme Buds Wireless Bluetooth Neckband (Black And Yellow),Electronics,1799,Bathla Teletech Pvt Ltd,Wrong Product,Close on 100%,Resolved,2020/05/12,Payment Cleared
2020/03/09,2020/04/29,200309-007-274284,124219009290681,4007057088,CIR,Boult Audio Probass Curve Bluetooth Wireless Neckband With Mic (Red),Electronics,1149,Tata Unistore Limited,Seal Open,Close on 10%,Resolved,2020/05/12,Payment Cleared
2020/03/16,2020/04/29,200316-007-322571,124219009348020,4007057089,CIR,Boult Audio Probass Curve Bluetooth Wireless Neckband With Mic (Red),Electronics,1149,Tata Unistore Limited,Seal Open,Close on 10%,Resolved,2020/05/12,Payment Cleared
2020/03/09,2020/04/29,200309-007-274189,124219009290558,4007057090,CIR,Boult Audio BassBox Unplug Portable Wireless Deep Bass Bluetooth Speaker (Black),Electronics,1349,Tata Unistore Limited,Seal Open,Close on 10%,Resolved,2020/05/12,Payment Cleared
2020/03/10,2020/04/29,200310-007-285788,124219009304251,4007057091,CIR,Blaupunkt Be50 In The Ear Waterproof Wireless Neckband Earphone  (Black),Electronics,1299,Tata Unistore Limited,Seal Open,Close on 10%,Resolved,2020/05/12,Payment Cleared
2020/03/03,2020/04/29,200303-007-228134,124265009234751,4007057092,CIR,ETAM Paris Olive Classique Under-Wired Padded T-Shirt Bra,Apparel,2790,Tata Unistore Limited,Missing Tags,No Compensation - for Missing Tag,Resolved,2020/05/12,Payment Pending
2020/03/02,2020/04/29,200302-007-218632,124265009223119,4007057093,CIR,ETAM Paris Black Under Wired Non Padded Bralette,Apparel,2990,Tata Unistore Limited,Wrong Product,Compensate full amount,Resolved,2020/05/18,Payment Cleared
2019/06/04,2020/04/29,190604-004-793524,123774006081253,4007057094,CIR,Armani Exchange Cognac Day-To-Day Shoulder Bag,Accessories,8999.4,Genesis La Mode Private Limited,Missing Tags,No Compensation - for Missing Tag,Resolved,2020/05/12,Payment Pending
2020/02/07,2020/04/29,200207-007-046286,124296009015136,4007057095,CIR,G-Star RAW Combat Cart II Logo Women Slides,Footwear,1499.5,Genesis Luxury Fashion Private Limited,Used Product,No Compensation - for Unused product,Resolved,2020/05/12,Payment Pending
2020/03/01,2020/05/02,200301-007-216962,100058009221107,4007057098,CIR,Black & Decker DCM25 1 Cup 330W Coffee Maker (Black),Electronics,779,Infiniti Retail Limited,Seal Open,No Compensation - Product is Damaged and not Working https://tataunistore0-my.sharepoint.com/:f:/g/personal/electronics-returns_tataunistore_com/EnxYQkV-HAxHjbNhhARH5OcB6CGQytMjhha4dQX4wQcprw?e=5lMzPI,Resolved,2020/05/12,Payment Pending
2020/02/21,2020/05/05,200221-007-138892,124120009127100,4007057100,CIR,Adidas Daroga Plus Mid Grey & Black Outdoor Shoes,Footwear,5998,Concepts,Wrong Product,Compensate full amount,Resolved,2020/05/18,Payment Cleared
2020/03/10,2020/05/06,200310-007-285473,124448009303859,4007057101,CIR,Hammer Solo 2.0 Truly Wireless Earbuds TWS Bluetooth 5.0 with 800 mAh Charging Case (Black),Electronics,2466,Ringtel Marketing,Damaged Box,Close on 100%,Resolved,2020/05/12,Payment Cleared
2020/03/10,2020/05/06,200310-007-282193,124448009300019,4007057102,CIR,Hammer AirTouch Bluetooth Wireless Earbuds TWS with Touch-Control Mic Range 10M Usage 3-4H (Black),Electronics,1731,Ringtel Marketing,Damaged Box,Close on 100%,Resolved,2020/05/12,Payment Cleared
2020/03/14,2020/05/09,200314-007-306554,124448009328753,4007057103,CIR,Hammer Fit Pro Smart Fitness Tracker (Black),Electronics,2204,Ringtel Marketing,Used Product,Close on 25%,Resolved,2020/05/12,Payment Cleared
2020/03/18,2020/05/09,200318-007-337250,100065009365816,4007057104,RTO,Voltas VM-T50MH 50 Litres Tower Cooler (White),Electronics,8913,Voltas Limited,Damaged Box,No Compensation - As per images no box Damage,Resolved,2020/05/12,Payment Pending
2020/03/12,2020/05/09,200312-007-298761,100010009319412,4007057105,CIR,Realme Rma101 Wired Earphones With Mic (Black),Electronics,499,Bathla Teletech Pvt Ltd,Seal Open,Close on 100%,Resolved,2020/05/12,Payment Cleared
2020/03/09,2020/05/11,200309-007-278523,124785009295723,4007057106,RTO,Lotto Run Pro Dark Grey Running Shoes,Footwear,999,Apace Meruit Private Limited,Damaged Box,No Compensation - for Box Damaged,Resolved,2020/05/18,Payment Pending
2020/03/04,2020/05/11,200304-007-236079,124785009244306,4007057107,RTO,Lotto Run Pro Dark Grey Running Shoes,Footwear,999,Apace Meruit Private Limited,Damaged Box,No Compensation - for Box Damaged,Resolved,2020/05/18,Payment Pending
2020/03/04,2020/05/11,200304-007-236892,124785009245292,4007057108,RTO,Lotto Navy Running Shoes,Footwear,999,Apace Meruit Private Limited,Damaged Box,No Compensation - for Box Damaged,Resolved,2020/05/18,Payment Pending
2020/03/05,2020/05/11,200305-007-246858,124785009257301,4007057109,RTO,Lotto Run Pro Dark Grey Running Shoes,Footwear,999,Apace Meruit Private Limited,Damaged Box,No Compensation - for Box Damaged,Resolved,2020/05/18,Payment Pending
2020/03/08,2020/05/11,200308-007-270164,124785009285718,4007057110,RTO,Lotto Wings II Black Sneakers,Footwear,1299,Apace Meruit Private Limited,Damaged Box,No Compensation - for Box Damaged,Resolved,2020/05/18,Payment Pending
2020/03/10,2020/05/11,200310-007-280381,124785009297842,4007057111,CIR,Lotto Splash Navy Running Shoes,Footwear,899,Apace Meruit Private Limited,Damaged Box,No Compensation - for Box Damaged,Resolved,2020/05/18,Payment Pending
2020/03/12,2020/05/11,200312-007-294982,124785009314990,4007057112,CIR,Lotto Ace Black Sneakers,Footwear,899,Apace Meruit Private Limited,Damaged Box,No Compensation - for Box Damaged,Resolved,2020/05/18,Payment Pending
2020/03/11,2020/05/11,200311-007-287575,124785009306362,4007057113,RTO,Lotto Run Pro Dark Grey Running Shoes,Footwear,999,Apace Meruit Private Limited,Damaged Box,No Compensation - for Box Damaged,Resolved,2020/05/18,Payment Pending
2020/03/02,2020/05/13,200302-007-222919,124718009228372,4007057114,CIR,Zwiesel Kristallglas 6-Piece Transparent Schott Zwiesel Champagne Glass Set,HOME,6160,AESTHETIC LIVING MERCHANTS PVT LTD,Empty Box,No Compensation - Please share unpacking video,Resolved,2020/05/18,Payment Pending
2020/02/27,2020/05/13,200227-007-191247,124055009189922,4007057115,CIR,Adidas Yaris Black Running Shoes,Footwear,2349,Padmawati Enterprises,Wrong Product,Compensate full amount,Resolved,2020/05/18,Payment Cleared
2020/03/13,2020/05/13,200313-007-306037,124055009328136,4007057116,CIR,Nike Chroma Thong 5 Navy Flip Flops,Footwear,1271,Padmawati Enterprises,Wrong Product,No Compensation - Same brand received,Resolved,2020/05/18,Payment Pending
2020/02/24,2020/05/13,200224-007-163952,124002009157146,4007057117,CIR,"LG 124.46cm (49 Inches) Smart 4K Ultra HD LED TV 49UM7300PTA (Black, 2019 Range)",Electronics,50823,Refrigeration & Cooling Industries,Damaged Product,Close on 70%,Resolved,2020/06/08,Payment Cleared
2020/01/17,2020/05/13,200117-006-861667,100107008776277,4007057118,RTO,Maharaja Desire 550W 3 Jars Juicer Mixer Grinder (Red/Silver),Electronics,2499,Jumbo Distributors,Damaged Box,Close on 5%,Resolved,2020/06/08,Payment Cleared
2020/03/07,2020/05/13,200307-007-261268,100220009274701,4007057119,CIR,Mufti Wine Half Sleeves Slim Fit Checks Shirt,Apparel,999,CREDO BRANDS MARKETING PVT LTD,Wrong Product,Compensate full amount,Resolved,2020/05/18,Payment Cleared
2020/03/14,2020/05/13,200314-007-309868,124526009332725,4007057120,CIR,Ajile by Pantaloons Grey Short Sleeves T-Shirt,Apparel,419,AUM 3 ETAIL,Wrong Product,No Compensation - Same brand received,Resolved,2020/05/18,Payment Pending
2020/01/22,2020/05/14,200122-006-929765,100107008869696,4007057121,CIR,Whirlpool Stainwash ULTRA (N) 6.2 Kg Fully Automatic Top Load Washing Machine with In Built Heater,Electronics,16990,Jumbo Distributors,Damaged Box,Close on 5%,Resolved,2020/06/02,Payment Cleared
2019/09/29,2020/05/14,190929-005-821957,100107007434548,4007057122,RTO,Whirlpool Magicook 20BC 20L Convection Microwave Oven (White),Electronics,6900,Jumbo Distributors,Damaged Box,Close on 2%,Resolved,2020/06/02,Payment Cleared
2020/03/04,2020/05/14,200304-007-234854,100010009242809,50680,CIR,Apple 18W USB-C Power Adapter (White),Electronics,2990,Bathla Teletech Pvt Ltd,Wrong Product,Close on 100%,Resolved,2020/06/02,Payment Cleared
2020/03/02,2020/05/14,200302-007-223837,100010009229464,50681,CIR,Realme Buds 2 Wired Earphones With Mic (Black),Electronics,599,Bathla Teletech Pvt Ltd,Wrong Product,Close on 100%,Resolved,2020/06/02,Payment Cleared
2020/03/14,2020/05/14,200314-007-306678,124219009328897,50682,CIR,"Blaupunkt Waterproof Wireless Earpods with Microphone (BTW Pro, Grey)",Electronics,5999,Tata Unistore Limited,Seal Open,Close on 10%,Resolved,2020/06/02,Payment Cleared
2020/03/12,2020/05/14,200312-007-297224,124219009317622,50683,CIR,boAt Rockerz 400 T Wireless Headphone with Super Extra Bass & Up to 8H Playtime (Red/Black),Electronics,1448,Tata Unistore Limited,Seal Open,Close on 10%,Resolved,2020/06/02,Payment Cleared
2020/03/11,2020/05/14,200311-007-292402,124219009311973,50684,CIR,boAt BassHeads 900 T Wired Headset with Super Extra Bass and Lightweight Foldable Design (Black),Electronics,749,Tata Unistore Limited,Seal Open,Close on 10%,Resolved,2020/06/02,Payment Cleared
2020/03/13,2020/05/14,200313-007-305403,124219009327362,50685,CIR,Boult Audio BassBox Unplug Portable Wireless Deep Bass Bluetooth Speaker (Black),Electronics,1349,Tata Unistore Limited,Seal Open,Close on 10%,Resolved,2020/06/02,Payment Cleared
2020/03/09,2020/05/14,200309-007-274840,124219009291356,50686,CIR,"RealMe 3 64 GB (Dynamic Black) 3 GB RAM, Dual SIM 4G",Electronics,8490,Tata Unistore Limited,Seal Open,Close on 10%,Resolved,2020/06/02,Payment Cleared
2020/03/14,2020/05/14,200314-007-308217,124219009330762,50687,CIR,"Blaupunkt Waterproof Wireless Earpods with Microphone (BTW Pro, Grey)",Electronics,5999,Tata Unistore Limited,Seal Open,Close on 10%,Resolved,2020/06/02,Payment Cleared
2020/03/05,2020/05/14,200305-007-245468,124219009255649,50688,RTO,Boult Audio ProBass Q Over the Ear Wireless Bluetooth Headset with Mic (Black),Electronics,1399,Tata Unistore Limited,Seal Open,Close on 10%,Resolved,2020/06/02,Payment Cleared
2020/03/06,2020/05/15,200306-007-252235,124866009263800,50689,CIR,Strontium Nitro Ammo 3.1 SR64GSLAMMOY 64 GB Pen Drive (Silver),Electronics,925,Pankh Infotech,Wrong Product,Close on 100%,Resolved,2020/06/02,Payment Cleared
2020/03/07,2020/05/15,200307-007-259518,100301009272559,4007057123,RTO,Duke Tan Casual Sneakers,Footwear,1347,Eshopbox Ecommerce Pvt.Ltd,Wrong Product,Compensate full amount,Resolved,2020/06/04,Payment Cleared
2020/03/04,2020/05/15,200304-007-232668,100220009240196,4007057124,CIR,Mufti Blue Super Slim Fit Lightly Washed Jeans,Apparel,1449,CREDO BRANDS MARKETING PVT LTD,Wrong Product,No Compensation - Payment is already made for this txn (Qc Failed),Resolved,2020/06/04,Payment Pending
2020/03/11,2020/05/15,200311-007-291735,124448009311222,4007057125,CIR,Hammer Airflow Bluetooth Truly Wireless Earbuds TWS with Mic Range 10M Usage time 3-4H (Black),Electronics,1499,Ringtel Marketing,Wrong Product,Close on 100%,Resolved,2020/06/02,Payment Cleared
2020/03/15,2020/05/15,200315-007-313260,124448009336795,4007057126,CIR,Hammer Airflow Bluetooth Truly Wireless Earbuds TWS with Mic Range 10M Usage time 3-4H (Black),Electronics,1349,Ringtel Marketing,Seal Open,Close on 100%,Resolved,2020/06/02,Payment Cleared
2020/03/16,2020/05/15,200316-007-322497,100160009347932,4007057127,CIR,Noise ColorFit Pro Smartwatch (Classic Jet Black),Electronics,2499,NEXXBASE MARKETING PRIVATE LIMITED,Seal Open,Close on 100%,Resolved,2020/06/02,Payment Cleared
2020/03/08,2020/05/15,200308-007-269791,124205009285285,4007057128,CIR,Soch Sky Blue Embroidered Kurti Churidar Set With Dupatta,Apparel,4998,Soch Apparels Pvt Ltd,Wrong Product,Compensate full amount,Resolved,2020/06/04,Payment Cleared
2020/03/12,2020/05/15,200312-007-294337,124296009314242,50690,CIR,G-star RAW Blue Midge High Boyfriend Fit Jeans,Apparel,4799.4,Genesis Luxury Fashion Private Limited,Used Product,No Compensation - It can be easily removable (Pen mark).,Resolved,2020/06/04,Payment Pending
2020/03/02,2020/05/15,200302-007-220819,124219009225817,4007057129,CIR,RealMe 5 Pro 64 GB (Crystal Green) 6 GB RAM Dual SIM 4G,Electronics,12999,Tata Unistore Limited,Seal Open,Close on 10%,Resolved,2020/06/02,Payment Cleared
2020/03/12,2020/05/15,200312-007-297979,124219009318519,4007057130,CIR,Boult Audio Airbass Twinpods True Wireless Bluetooth Earphoness With Mic (Grey),Electronics,1999,Tata Unistore Limited,Seal Open,Close on 10%,Resolved,2020/06/02,Payment Cleared
2020/03/14,2020/05/15,200314-007-310155,124219009333099,4007057131,CIR,"Blaupunkt Waterproof Wireless Bluetooth Earpods with Microphone (BTW-LITE, Black)",Electronics,2999,Tata Unistore Limited,Seal Open,Close on 10%,Resolved,2020/06/02,Payment Cleared
2020/03/13,2020/05/15,200313-007-301606,124219009322764,4007057132,CIR,Boult Audio Probass Curve Bluetooth Wireless Neckband With Mic (Black),Electronics,1149,Tata Unistore Limited,Seal Open,Close on 10%,Resolved,2020/06/02,Payment Cleared
2020/03/14,2020/05/15,200314-007-306782,100010009329028,4007057133,CIR,Realme Rma101 Wired Earphones With Mic (Black),Electronics,499,Bathla Teletech Pvt Ltd,Seal Open,Close on 100%,Resolved,2020/06/02,Payment Cleared
2020/03/15,2020/05/15,200315-007-313498,100010009337062,4007057134,RTO,RealMe VOOC 20 Watts Flash Charger (White),Electronics,999,Bathla Teletech Pvt Ltd,Seal Open,Close on 100%,Resolved,2020/06/02,Payment Cleared
2020/03/08,2020/05/15,200308-007-271739,124491009287611,4007057135,CIR,Portronics Adapto POR-648 2.4A Dual Port Adapter (White),Electronics,249,Portronics Digital Private Limited,Seal Open,Close on 100%,Resolved,2020/06/02,Payment Cleared
2020/03/08,2020/05/15,200308-007-268147,125049009283253,4007057136,CIR,Apple Airpods With Charging Case,Electronics,12989,RSR INFORMATICS PVT LTD,Seal Open,No Compensation - QC Fail and payment is already with you.,Resolved,2020/06/02,Payment Pending
2020/03/07,2020/05/16,200307-007-254448,123906009266422,50691,CIR,Jaipur Kurti Off White Checks Dress,Apparel,609,Nandani Creation Limited,Wrong Product,Compensate full amount,Resolved,2020/06/04,Payment Cleared
2020/03/21,2020/05/16,200321-007-348779,124529009379761,4007057137,RTO,Samsung 108 cm (43 Inches) Smart Ultra HD 4K LED TV 43NU7100 (Black),Electronics,43009,SATNAM ELECTRONICS,Damaged Box,Close on Rs.1500,Resolved,2020/06/02,Payment Cleared
2020/03/12,2020/05/16,200312-007-293638,124297009313435,4007057138,CIR,Lapis Bard Brown Wellington Leather Belt,Accessories,8495,WILLIAM PENN PRIVATE LIMITED,Wrong Product,Compensate full amount,Resolved,2020/06/04,Payment Cleared
2020/03/07,2020/05/16,200307-007-256724,124461009269174,4007057139,CIR,Nike Air Max Motion LW Black Running Shoes,Footwear,6367,ATHELTISME INTERNET,Wrong Product,No Compensation - Payment is already made for this txn (Qc Failed),Resolved,2020/06/04,Payment Pending
2020/03/16,2020/05/16,200316-007-325355,100081009351387,4007057140,RTO,Mufti Black Lightly Washed Skinny Fit Jeans,Apparel,1999,SETU E TAIL PVT LTD,Wrong Product,No Compensation - Please share unpacking video,Resolved,2020/06/04,Payment Pending
2020/03/15,2020/05/16,200315-007-319525,100081009344309,4007057141,RTO,Mufti Dark Blue Skinny Fit Jeans,Apparel,1649,SETU E TAIL PVT LTD,Wrong Product,No Compensation - Please share unpacking video,Resolved,2020/06/04,Payment Pending
2020/03/16,2020/05/16,200316-007-325367,100081009351402,4007057142,RTO,Mufti Blue Lightly Washed Jeans,Apparel,1709,SETU E TAIL PVT LTD,Wrong Product,No Compensation - Please share unpacking video,Resolved,2020/06/04,Payment Pending
2020/03/18,2020/05/16,200318-007-338031,100081009366829,4007057143,CIR,Spykar Olive Full Sleeves Reversible Shirt,Apparel,1300,SETU E TAIL PVT LTD,Wrong Product,No Compensation - Please share unpacking video,Resolved,2020/06/04,Payment Pending
2020/03/02,2020/05/16,200302-007-224263,100081009229953,4007057144,CIR,Aeropostale Light Blue Regular Fit Printed Cotton Shirt,Apparel,1149,SETU E TAIL PVT LTD,Wrong Product,No Compensation - Please share unpacking video,Resolved,2020/06/04,Payment Pending
2020/03/11,2020/05/16,200311-007-287387,100081009306163,4007057145,CIR,Mufti Navy Slim Fit Cotton Shirt,Apparel,949,SETU E TAIL PVT LTD,Wrong Product,No Compensation - Please share unpacking video,Resolved,2020/06/04,Payment Pending
2020/03/08,2020/05/16,200308-007-270101,100081009285644,4007057146,CIR,Ruf & Tuf Blue & White Cotton Regular Fit Striped Polo T-Shirt,Apparel,559,SETU E TAIL PVT LTD,Wrong Product,No Compensation - Please share unpacking video,Resolved,2020/06/04,Payment Pending
2020/03/04,2020/05/16,200304-007-232716,100081009240262,4007057147,CIR,Spykar Blue Lightly Washed Skinny Fit Low Rise Jeans,Apparel,1449,SETU E TAIL PVT LTD,Wrong Product,No Compensation - Please share unpacking video,Resolved,2020/06/04,Payment Pending
2020/02/27,2020/05/16,200227-007-191932,100220009190766,4007057148,CIR,Mufti Turquoise Half Sleeves Checks Shirt,Apparel,899,CREDO BRANDS MARKETING PVT LTD,Wrong Product,No Compensation - Same brand received,Resolved,2020/06/04,Payment Pending
2020/03/14,2020/05/16,200314-007-308605,124055009331182,4007057149,CIR,Puma Escaper SL White Running Shoes,Footwear,1399,Padmawati Enterprises,Wrong Product,No Compensation - Same brand received,Resolved,2020/06/04,Payment Pending
2020/03/04,2020/05/18,200304-007-238763,124219009247551,4007057150,RTO,Xiaomi Mi AC-M6-SC 38W Air Purifier 3 (White),Electronics,9999,Tata Unistore Limited,Damaged Box,Close on 5%,Resolved,2020/06/02,Payment Cleared
2020/03/14,2020/05/18,200314-007-307241,123906009329575,4007057151,CIR,Jaipur Kurti Purple Cotton 3/4th Sleeves Kurti,Apparel,679,Nandani Creation Limited,Wrong Product,No Compensation - Payment is already made for this txn (Qc Failed),Resolved,2020/06/04,Payment Pending
2020/03/14,2020/05/18,200314-007-307241,123906009329577,4007057152,CIR,Jaipur Kurti Navy Cotton Printed Straight Kurta,Apparel,619,Nandani Creation Limited,Wrong Product,No Compensation - Payment is already made for this txn (Qc Failed),Resolved,2020/06/04,Payment Pending
2020/03/14,2020/05/18,200314-007-307241,123906009329576,4007057153,CIR,Jaipur Kurti Women's Peach embroidered straight kurta,Apparel,729,Nandani Creation Limited,Wrong Product,No Compensation - Payment is already made for this txn (Qc Failed),Resolved,2020/06/04,Payment Pending
2020/02/18,2020/05/19,200218-007-120184,124219009104341,4007057154,CIR,Voltas 1.5 Ton Adjustable Inverter 5 Star Copper (2019 Range) 185V ADS (R32) Split AC (White),Electronics,38000,Tata Unistore Limited,Damaged Product,Close on 25%,Resolved,2020/06/07,Payment Cleared
2020/03/02,2020/05/20,200302-007-224538,100353009230297,50693,CIR,Hidesign Mars 01 Tan Solid Leather Laptop Messenger Bag,Accessories,6156,HIDESIGN INDIA PRIVATE LIMITED,Wrong Product,No Compensation - due to late dispute raised (Delivered on 14-May-2020 and dispute raised on 22-May-2020),Resolved,2020/06/04,Payment Pending
2020/03/08,2020/05/20,200308-007-266222,124318009280871,50694,CIR,Skechers Peacoat Waking Shoes,Footwear,3869,SHAKTI ENTERPRISES,Wrong Product,No Compensation - due to late dispute raised (Delivered on 12-May-2020 and dispute raised on 20-May-2020),Resolved,2020/06/04,Payment Pending
2020/03/06,2020/05/20,200306-007-251772,100010009263205,4007057158,RTO,"Xiaomi Redmi A3 64 GB (Not Just Blue) 4 GB RAM, Dual SIM 4G",Electronics,11860,Bathla Teletech Pvt Ltd,Seal Open,Close on 100%,Resolved,2020/06/07,Payment Cleared
2020/03/12,2020/05/20,200312-007-297895,100010009318419,4007057159,CIR,Realme Buds Wireless Bluetooth Neckband (Black And Yellow),Electronics,1799,Bathla Teletech Pvt Ltd,Wrong Product,Close on 100%,Resolved,2020/06/07,Payment Cleared
2020/03/18,2020/05/20,200318-007-338239,124219009367083,4007057160,CIR,"boAt BassHeads 182 T Wired Earphones with Super Extra Bass, Braided Cable & Metallic Finish (Red)",Electronics,439,Tata Unistore Limited,Wrong Product,Close on 100%,Resolved,2020/06/07,Payment Cleared
2020/03/15,2020/05/20,200315-007-320251,124219009345198,4007057161,CIR,"Blaupunkt Waterproof Wireless Earpods with Microphone (BTW Pro, Grey)",Electronics,5999,Tata Unistore Limited,Seal Open,Close on 10%,Resolved,2020/06/07,Payment Cleared
2020/03/16,2020/05/20,200316-007-324754,125049009350670,4007057162,CIR,Apple Airpods Pro Compatible With Siri (White),Electronics,24899,RSR INFORMATICS PVT LTD,Seal Open,No Compensation - Payment is already made for this txn (Qc Failed),Resolved,2020/06/04,Payment Pending
2020/03/10,2020/05/20,200310-007-282789,125049009300702,4007057163,CIR,Apple MC747LL MagSafe 45W Power Adapter (White),Electronics,7165,RSR INFORMATICS PVT LTD,Seal Open,Close on 100%,Resolved,2020/06/07,Payment Cleared
2020/03/11,2020/05/21,200311-007-289937,100031009309140,50695,CIR,Mochi Silver T-Strap Wedges,Footwear,995,METRO SHOES LIMITED,Damaged Product,No Compensation - due to late dispute raised (Delivered on 18-May-2020 and dispute raised on 21-May-2020),Resolved,2020/06/04,Payment Pending
2020/03/09,2020/05/21,200309-007-279240,100031009296537,50696,CIR,Metro Black Casual Slip-Ons,Footwear,2214,METRO SHOES LIMITED,Wrong Product,No Compensation - due to late dispute raised (Delivered on 19-May-2020 and dispute raised on 21-May-2020),Resolved,2020/06/04,Payment Pending
2020/02/28,2020/05/22,200228-007-200682,124170009201333,50697,CIR,Hypernation Grey Cotton Kurta,Apparel,999,Sapphire House of Fashion Pvt Ltd,Wrong Product,No Compensation - due to late dispute raised (Delivered on 19-May-2020 and dispute raised on 22-May-2020),Resolved,2020/06/04,Payment Pending
2020/03/12,2020/05/22,200312-007-293299,100010009313041,50698,CIR,"Swipe X1 Tablet (10.1 inch, 4 GB RAM, 64 GB, Wi-Fi + 4G) Gold",Electronics,12999,Bathla Teletech Pvt Ltd,Seal Open,No Compensation - Faulty product https://tataunistore0-my.sharepoint.com/:f:/g/personal/electronics-returns_tataunistore_com/EghAzQW91hdKr-RwFDKfFPQBFOoKIlx8sNSCwACt5i64NQ?e=x1GhJL / https://tataunistore0-my.sharepoint.com/:f:/g/personal/electronics-returns_tataunistore_com/Ev-wkljew7RDjhXYDY0YooQBtJ_SQhE_BPMlKcwJwPIoKQ?e=y4RrkB ,Resolved,2020/06/02,Payment Pending
2020/02/20,2020/05/22,200220-007-137030,124219009124907,50702,CIR,Boult Audio Bassbuds Basswood Wired Earphones With Mic (Silver),Electronics,389,Tata Unistore Limited,Wrong Product,Close on 100%,Resolved,2020/06/02,Payment Cleared
2020/02/26,2020/05/22,200226-007-181427,124219009177724,50703,CIR,Boult Audio Airbass Twinpods True Wireless Bluetooth Earphoness With Mic (Green),Electronics,2299,Tata Unistore Limited,Seal Open,Close on 10%,Resolved,2020/06/02,Payment Cleared
2020/03/13,2020/05/22,200313-007-300993,124219009322053,50704,CIR,Blaupunkt Be50 In The Ear Waterproof Wireless Neckband Earphone  (Black),Electronics,1299,Tata Unistore Limited,Damaged Product,Close on 50%,Resolved,2020/06/02,Payment Cleared
2020/03/02,2020/05/23,200302-007-223773,100213009229392,50705,CIR,Red Tape Black Walking Shoes,Footwear,1648,Mirza International Limited,Wrong Product,No Compensation - due to late dispute raised (Delivered on 19-May-2020 and dispute raised on 23-May-2020),Resolved,2020/06/04,Payment Pending
2020/03/02,2020/05/23,200302-007-223339,100213009228888,50706,CIR,Red Tape Dark Green Polo Cotton T-Shirt,Apparel,599,Mirza International Limited,Wrong Product,No Compensation - due to late dispute raised (Delivered on 19-May-2020 and dispute raised on 23-May-2020),Resolved,2020/06/04,Payment Pending
2020/03/02,2020/05/23,200302-007-223443,100213009229008,50707,CIR,Red Tape White & Orange Regular Fit Sweatshirt,Apparel,779,Mirza International Limited,Wrong Product,No Compensation - due to late dispute raised (Delivered on 19-May-2020 and dispute raised on 23-May-2020),Resolved,2020/06/04,Payment Pending
2020/03/02,2020/05/23,200302-007-223397,100213009228961,50708,CIR,Red Tape Navy Blue Cotton T-Shirt,Apparel,599,Mirza International Limited,Wrong Product,No Compensation - due to late dispute raised (Delivered on 19-May-2020 and dispute raised on 23-May-2020),Resolved,2020/06/04,Payment Pending
2020/03/12,2020/05/23,200312-007-299415,100031009320175,50709,CIR,Mochi Brown Sling Back Wedges,Footwear,1049,METRO SHOES LIMITED,Wrong Product,No Compensation - due to late dispute raised (Delivered on 21-May-2020 and dispute raised on 23-May-2020),Resolved,2020/06/04,Payment Pending
2020/03/13,2020/05/24,200313-007-305179,100301009327100,50710,CIR,Duke Dark Grey Running Shoes,Footwear,599,Eshopbox Ecommerce Pvt.Ltd,Used Product,No Compensation - due to late dispute raised (Delivered on 21-May-2020 and dispute raised on 24-May-2020),Resolved,2020/06/04,Payment Pending
2020/03/16,2020/05/24,200316-007-324810,100301009350736,50711,CIR,Clarks Torset Easy Navy & White Training Shoes,Footwear,2749,Eshopbox Ecommerce Pvt.Ltd,Used Product,No Compensation - due to late dispute raised (Delivered on 21-May-2020 and dispute raised on 24-May-2020),Resolved,2020/06/04,Payment Pending
2020/03/20,2020/05/24,200320-007-344075,100301009374076,50712,CIR,Clarks Crewso Madie Black Stiletto Pumps,Footwear,2249,Eshopbox Ecommerce Pvt.Ltd,Damaged Product,No Compensation - due to late dispute raised (Delivered on 21-May-2020 and dispute raised on 24-May-2020),Resolved,2020/06/04,Payment Pending
2020/02/16,2020/05/24,200216-007-104291,100301009085115,50713,CIR,Cover Story Red Floral Print Above Knee Dress,Apparel,747,Eshopbox Ecommerce Pvt.Ltd,Used Product,No Compensation - due to late dispute raised (Delivered on 21-May-2020 and dispute raised on 24-May-2020),Resolved,2020/06/04,Payment Pending
2020/03/09,2020/05/24,200309-007-275712,100301009292368,50714,CIR,Duke Black & Brown Brogue Shoes,Footwear,1363,Eshopbox Ecommerce Pvt.Ltd,Used Product,No Compensation - due to late dispute raised (Delivered on 21-May-2020 and dispute raised on 24-May-2020),Resolved,2020/06/04,Payment Pending
2020/03/11,2020/05/24,200311-007-286437,100301009305025,50715,CIR,Duke Black Derby Boots,Footwear,1347,Eshopbox Ecommerce Pvt.Ltd,Damaged Product,No Compensation - due to late dispute raised (Delivered on 21-May-2020 and dispute raised on 24-May-2020),Resolved,2020/06/04,Payment Pending
2020/03/08,2020/05/24,200308-007-267500,100301009282438,50716,CIR,Clarks Linvale Grey Stiletto Pumps,Footwear,2249,Eshopbox Ecommerce Pvt.Ltd,Used Product,No Compensation - due to late dispute raised (Delivered on 21-May-2020 and dispute raised on 24-May-2020),Resolved,2020/06/04,Payment Pending
2020/02/08,2020/05/24,200208-007-049044,100301009018398,50717,CIR,Cover Story Purple Embroidered Dress,Apparel,1745,Eshopbox Ecommerce Pvt.Ltd,Used Product,No Compensation - due to late dispute raised (Delivered on 21-May-2020 and dispute raised on 24-May-2020),Resolved,2020/06/04,Payment Pending
2020/03/13,2020/05/24,200313-007-302434,100301009323752,50718,CIR,Duke Navy & White Sneakers,Footwear,978,Eshopbox Ecommerce Pvt.Ltd,Used Product,No Compensation - due to late dispute raised (Delivered on 21-May-2020 and dispute raised on 24-May-2020),Resolved,2020/06/04,Payment Pending
2020/03/09,2020/05/24,200309-007-278246,100301009295393,50719,CIR,Clarks Cammy Blossom Brown Cross Strap Wedges,Footwear,3499,Eshopbox Ecommerce Pvt.Ltd,Used Product,No Compensation - due to late dispute raised (Delivered on 21-May-2020 and dispute raised on 24-May-2020),Resolved,2020/06/04,Payment Pending
2020/03/10,2020/05/24,200310-007-280709,100301009298211,50720,CIR,Cover Story Pink Lace Dress,Apparel,3019,Eshopbox Ecommerce Pvt.Ltd,Wrong Product,No Compensation - due to late dispute raised (Delivered on 21-May-2020 and dispute raised on 24-May-2020),Resolved,2020/06/04,Payment Pending
2020/03/09,2020/05/25,200309-007-278712,124130009295938,50722,CIR,Puma Corona IDP Peacoat Sneakers,Footwear,1924.45,Puma Sports India Pvt Ltd,Wrong Product,No Compensation - due to late dispute raised (Delivered on 20-May-2020 and dispute raised on 25-May-2020),Resolved,2020/06/04,Payment Pending
2020/03/17,2020/05/25,200317-007-328891,124130009355620,50723,CIR,Puma Red Printed T-Shirt,Apparel,1749,Puma Sports India Pvt Ltd,Wrong Product,No Compensation - due to late dispute raised (Delivered on 20-May-2020 and dispute raised on 25-May-2020),Resolved,2020/06/04,Payment Pending
2020/02/21,2020/05/25,200221-007-144188,124448009133589,50721,CIR,Hammer AirTouch Bluetooth Wireless Earbuds TWS with Touch-Control Mic Range 10M Usage 3-4H (Black),Electronics,1896,Ringtel Marketing,Seal Open,No Compensation - Faulty Product https://tataunistore0-my.sharepoint.com/:f:/g/personal/electronics-returns_tataunistore_com/EnrrFVqDivZGq2jIOLW7mHoBPwhwqymOUTSeKqgfsPmY9A?e=1UTIQ4,Resolved,2020/06/02,Payment Pending
2020/02/26,2020/05/26,200226-007-180197,100108009176254,50725,CIR,"Vivo U10 64 GB (Electric Blue) 4 GB RAM, Dual Sim 4G",Electronics,10990,Kiaan Marketing,Wrong Product,Close on 100%,Resolved,2020/06/02,Payment Cleared
2020/03/10,2020/05/26,200310-007-280999,100301009298541,50724,CIR,Duke Tan Derby Shoes,Footwear,1347,Eshopbox Ecommerce Pvt.Ltd,Wrong Product,No Compensation - due to late dispute raised (Delivered on 23-May-2020 and dispute raised on 26-May-2020),Resolved,2020/06/04,Payment Pending
2020/03/05,2020/05/27,200305-007-242372,100220009251963,50726,CIR,Mufti Brown Full Sleeves Notched Lapel Blazer,Apparel,2999,CREDO BRANDS MARKETING PVT LTD,Wrong Product,No Compensation - due to late dispute raised (Delivered on 19-May-2020 and dispute raised on 27-May-2020),Resolved,2020/06/04,Payment Pending
2020/03/14,2020/05/28,200314-007-311355,100301009334535,50727,CIR,Clarks Demerara Swirl White & Silver Ankle Strap Sandals,Footwear,2999,Eshopbox Ecommerce Pvt.Ltd,Used Product,No Compensation - due to late dispute raised (Delivered on 25-May-2020 and dispute raised on 28-May-2020),Resolved,2020/06/04,Payment Pending
2020/03/05,2020/05/29,200305-007-244833,124343009254923,50728,CIR,"Xiaomi Redmi Note 8 64 GB (Neptune Blue) 4 GB RAM, Dual Sim 4G",Electronics,11337,Jai Maa Enterprises,Wrong Product,Close on 100%,Resolved,2020/06/02,Payment Cleared
2020/03/19,2020/05/30,200319-007-339534,124232009368643,50733,CIR,Label Ritu Kumar Pink Floral Print Top,Apparel,1160,Ritika Pvt Ltd,Wrong Product,Compensate full amount,Resolved,2020/06/05,Payment Cleared
2020/03/15,2020/05/30,200315-007-313370,100220009336919,50730,CIR,Mufti Grey & Black Striped Polo T-Shirt,Apparel,849,CREDO BRANDS MARKETING PVT LTD,Wrong Product,No Compensation - Please share unpacking video,Resolved,2020/06/05,Payment Pending
2020/03/12,2020/05/30,200312-007-296556,100220009316867,50731,CIR,Mufti Blue & Grey Slim Fit Checks Shirt,Apparel,899,CREDO BRANDS MARKETING PVT LTD,Wrong Product,No Compensation - Please share unpacking video,Resolved,2020/06/05,Payment Pending
2020/03/08,2020/05/30,200308-007-265874,100220009280437,50732,CIR,Mufti Beige Printed Cotton Short Sleeves Shirt,Apparel,1699,CREDO BRANDS MARKETING PVT LTD,Wrong Product,No Coompensation - Same brand and customer also complaint about receiving incorrect product,Resolved,2020/06/03,Payment Cleared
2020/02/22,2020/06/01,200222-007-146207,124130009136051,4007057251,RTO,Puma Green Logo Print T-Shirt,Apparel,898.96,Puma Sports India Pvt Ltd,Wrong Product,No Compensation - Product image link is not working,Resolved,2020/06/11,Payment Pending
2020/02/25,2020/06/01,200225-007-178377,124130009174008,4007057252,CIR,Puma Troy MU IDP Black Running Shoes,Footwear,1998.3,Puma Sports India Pvt Ltd,Wrong Product,No Compensation - due to late dispute raised (Delivered on 07-Mar-2020 and dispute raised on 22-May-2020),Resolved,2020/06/04,Payment Pending
2020/03/03,2020/06/01,200303-007-225472,100107009231564,4007057253,CIR,Whirlpool Stainwash ULTRA (N) 6.2 Kg Fully Automatic Top Load Washing Machine with In Built Heater,Electronics,16990,Jumbo Distributors,Wrong Product,Close on 25%,Resolved,2020/06/02,Payment Cleared
2020/03/11,2020/06/01,200311-007-290764,125152009310123,4007057254,RTO,Monte Carlo Light Blue Mid Rise Jeans,Apparel,2299,Monte Carlo Fashion Ltd.,Wrong Product,No Compensation - due to late dispute raised (Delivered on 20-Mar-2020 and dispute raised on 22-May-2020),Resolved,2020/06/04,Payment Pending
2020/02/28,2020/06/01,200228-007-196521,100301009196381,4007057255,CIR,Duke Tan & White Brogue Shoes,Footwear,838,Eshopbox Ecommerce Pvt.Ltd,Wrong Product,No Compensation - due to late dispute raised (Delivered on 20-Mar-2020 and dispute raised on 22-May-2020),Resolved,2020/06/04,Payment Pending
2020/03/05,2020/06/01,200305-007-242409,100301009252007,4007057256,CIR,Clarks Tamho Edge Rust Brown Derby Shoes,Footwear,4499,Eshopbox Ecommerce Pvt.Ltd,Wrong Product,No Compensation - due to late dispute raised (Delivered on 21-Mar-2020 and dispute raised on 22-May-2020),Resolved,2020/06/04,Payment Pending
2020/03/17,2020/06/01,200317-007-330657,100301009357793,4007057257,CIR,Coverstory Teal Pleated Trousers,Apparel,996,Eshopbox Ecommerce Pvt.Ltd,Wrong Product,No Compensation - due to late dispute raised (Delivered on 21-Mar-2020 and dispute raised on 22-May-2020),Resolved,2020/06/04,Payment Pending
2020/03/03,2020/06/01,200303-007-226947,125050009233344,4007057258,CIR,Spykar Blue Slim Fit Check Shirt,Apparel,1099,SPYKAR LIFESTYLE PVT LTD,Wrong Product,No Compensation - due to late dispute raised (Delivered on 21-Mar-2020 and dispute raised on 22-May-2020),Resolved,2020/06/04,Payment Pending
2020/03/10,2020/06/01,200310-007-285383,123906009303750,4007057259,CIR,Jaipur Kurti Teal Blue Printed Kurta Palazzo Set,Apparel,1029,Nandani Creation Limited,Wrong Product,No Compensation - due to late dispute raised (Delivered on 16-May-2020 and dispute raised on 22-May-2020),Resolved,2020/06/04,Payment Pending
2020/02/26,2020/06/01,200226-007-182504,123906009179085,4007057260,CIR,Amaiva Yellow & Pink Printed Kurta Skirt Set With Dupatta,Apparel,4319,Nandani Creation Limited,Wrong Product,No Compensation - due to late dispute raised (Delivered on 21-Mar-2020 and dispute raised on 22-May-2020),Resolved,2020/06/04,Payment Pending
2020/03/18,2020/06/01,200318-007-336747,100081009365211,4007057263,RTO,Mufti White & Black Full Sleeves Checks Shirt,Apparel,949,SETU E TAIL PVT LTD,Wrong Product,No Compensation - due to late dispute raised (Delivered on 18-May-2020 and dispute raised on 22-May-2020),Resolved,2020/06/04,Payment Pending
2020/03/13,2020/06/01,200313-007-302941,124187009324381,4007057264,CIR,Cherry Crumble California Kids Peach Solid T-Shirt,Apparel,599,White Shrub Private Limited,Wrong Product,No Compensation - due to late dispute raised (Delivered on 19-May-2020 and dispute raised on 22-May-2020),Resolved,2020/06/04,Payment Pending
2020/02/25,2020/06/01,200225-007-170508,124271009164907,4007057265,RTO,Glen 1049 SQ GT AI 4 Burners Gas Stove (Black/Silver),Electronics,10496,Glen Appliances Pvt Ltd,Damaged Product,Close on 25%,Resolved,2020/06/02,Payment Cleared
2020/03/12,2020/06/01,200312-007-294949,124219009314951,4007057266,RTO,Voltas 1.5 Ton Adjustable Inverter 3 Star Copper (2019 Range) Voltas 183V ADW(R32) Split AC (White),Electronics,32800,Tata Unistore Limited,Damaged Product,Close on 5%,Resolved,2020/06/02,Payment Cleared
2020/03/13,2020/06/01,200313-007-301289,124219009322405,4007057267,RTO,Voltas 1.2 Ton 3 Star 153 CZD1 Split AC (White),Electronics,25000,Tata Unistore Limited,Damaged Product,Close on 5%,Resolved,2020/06/02,Payment Cleared
2020/03/12,2020/06/01,200312-007-293755,124219009313585,4007057268,RTO,Whirlpool 1 Ton 3 Star Copper (2019 Range) Magicool Elite Pro (R32) Split AC (White Silver),Electronics,23500,Tata Unistore Limited,Damaged Product,Close on 5%,Resolved,2020/06/02,Payment Cleared
2020/03/18,2020/06/01,200318-007-334484,124219009362423,4007057269,RTO,DAIKIN 0.8 Ton 3 Star Copper FTL28TV16X2 (R32) Split AC (White),Electronics,22500,Tata Unistore Limited,Damaged Product,Close on 5%,Resolved,2020/06/02,Payment Cleared
2020/02/18,2020/06/01,200218-007-121772,124219009106212,4007057270,RTO,Voltas 1.5 Ton Inverter 5 Star Delux Cool 185V DYE Split AC (White),Electronics,34000,Tata Unistore Limited,Damaged Product,Close on 5%,Resolved,2020/06/02,Payment Cleared
2020/02/18,2020/06/01,200218-007-125161,124219009110218,4007057271,RTO,Voltas 1.5 Ton Adjustable Inverter 5 Star Copper (2019 Range) 185V ADS (R32) Split AC (White),Electronics,38000,Tata Unistore Limited,Damaged Product,Close on 5%,Resolved,2020/06/02,Payment Cleared
2020/02/18,2020/06/01,200218-007-123317,124219009107952,4007057272,RTO,Voltas 1.5 Ton Inverter 4 Star Copper 184V SZS Split AC (White),Electronics,34000,Tata Unistore Limited,Damaged Product,Close on 5%,Resolved,2020/06/02,Payment Cleared
2020/02/18,2020/06/01,200218-007-124130,124219009108967,4007057273,RTO,Hitachi 1.5 Ton Inverter 3 Star Copper RSNG317HCEA Split AC (White/Gold),Electronics,33900,Tata Unistore Limited,Damaged Product,Close on 5%,Resolved,2020/06/02,Payment Cleared
2020/02/18,2020/06/01,200218-007-125355,124219009110461,4007057274,RTO,Carrier 1 Ton 3 Star Copper (2019 Range) 12K ESTAR NEO CAS12EA3R39F0 Split AC (White),Electronics,25500,Tata Unistore Limited,Wrong Product,Close on 5%,Resolved,2020/06/02,Payment Cleared
2020/02/18,2020/06/01,200218-007-123182,124219009107793,4007057275,RTO,Hitachi 1.5 Ton Inverter 3 Star Copper RSNG317HCEA Split AC (White/Gold),Electronics,33900,Tata Unistore Limited,Wrong Product,Close on 5%,Resolved,2020/06/02,Payment Cleared
2020/02/26,2020/06/01,200226-007-185365,100073009182836,4007057276,CIR,"HTC Wildfire X 128 GB (Blue) 4 GB RAM, Dual SIM 4G",Electronics,8945,Vardhman Tele Marketing,Damaged Product,No Compensation - Customer also Received the same https://tataunistore0-my.sharepoint.com/:f:/g/personal/electronics-returns_tataunistore_com/EjNDatJZHCdHrWkJDPUXbXMBEkGjxol0e6YwPDPSwgik7g?e=bBAiFF,Resolved,2020/06/02,Payment Pending
2020/02/29,2020/06/01,200229-007-206596,124414009208573,4007057277,CIR,Audio-Technica ATH-SR30BT Over The Ear Bluetooth Headphone With Mic (Charcoal Grey),Electronics,5346,ATS Connect,Wrong Product,Close on 100%,Resolved,2020/06/02,Payment Cleared
2020/01/22,2020/06/01,200122-006-926374,124612008863689,4007057279,CIR,DAIKIN 1.0 Ton 3 Star Copper FTL35TV16W1 Split AC (White),Electronics,28278,SLG ESALES PRIVATE LIMITES,Wrong Product,No Compensation - https://tataunistore0-my.sharepoint.com/:f:/g/personal/largeappliancesdesk_tataunistore_com/EvHUO1JE1r5MsBZkmJnbS4MBSLf7hrDgyFpo-Vb0Am-N3Q?e=Mrutph,Resolved,2020/06/02,Payment Pending
2020/02/27,2020/06/01,200227-007-192422,100220009191345,4007057280,CIR,Mufti Brown Super Slim Fit Jeans,Apparel,1699,CREDO BRANDS MARKETING PVT LTD,Wrong Product,No Compensation - due to late dispute raised (Delivered on 06-May-2020 and dispute raised on 22-May-2020),Resolved,2020/06/04,Payment Pending
2020/03/15,2020/06/01,200315-007-320333,124253009345305,4007057281,CIR,Fossil ES4590 Scarlette Mini Analog Watch for Women,Watches,6297,CORACLE MARKETING AND SERVICES OPC PLT,Wrong Product,No Compensation - QC Fail and payment is already with you.,Resolved,2020/06/09,Payment Pending
2020/03/14,2020/06/01,200314-007-306477,124433009328670,4007057282,CIR,Lenovo IdeaPad S145 Laptop 81MV0166IN i5 8thGen 8GB 1TBHDD 15.6 inch DOS INT Graphics Textured Black,Electronics,35490,NESCO INFOSYSTEM PRIVATE LIMITED,Wrong Product,No Compensation - https://drive.google.com/open?id=1kCdrCcRFSjspSJNjnPF4sRUHbfiE8GL-,Resolved,2020/06/02,Payment Pending
2020/03/15,2020/06/01,200315-007-318969,100031009343659,4007057283,CIR,Metro Snow White Casual Sneakers,Footwear,995,METRO SHOES LIMITED,Wrong Product,Compensate full amount,Resolved,2020/06/05,Payment Cleared
2020/03/01,2020/06/01,200301-007-213731,100031009217225,4007057284,CIR,Metro Golden Back Strap Sandals,Footwear,845,METRO SHOES LIMITED,Used Product,Compensate full amount,Resolved,2020/06/05,Payment Cleared
2020/03/23,2020/06/01,200323-007-357573,124612009391561,4007057285,RTO,Haier 1.5 Ton 5 Star Copper (2019 Range) HW-18CV5CNA (R22) Window AC (White),Electronics,26999,SLG ESALES PRIVATE LIMITES,Damaged Box,Close on 5%,Resolved,2020/06/02,Payment Cleared
2020/03/05,2020/06/01,200305-007-242410,124418009252008,4007057288,CIR,Indian Terrain Cream Slim Fit Trousers,Apparel,1448,RUBIX ENTERPRISES PRIVATE LIMITED,Wrong Product,Informed saroj to fail QC,Resolved,2020/06/13,Payment Pending
2020/03/14,2020/06/01,200314-007-308024,124785009330536,4007057289,RTO,Lotto Ace Black Sneakers,Footwear,899,Apace Meruit Private Limited,Damaged Box,No Compensation - for Box Damaged,Resolved,2020/06/02,Payment Pending
2020/03/13,2020/06/01,200313-007-301080,124785009322154,4007057290,RTO,Lotto Wings II Black Sneakers,Footwear,1299,Apace Meruit Private Limited,Damaged Box,No Compensation - for Box Damaged,Resolved,2020/06/02,Payment Pending
2020/03/17,2020/06/01,200317-007-329305,124785009356142,4007057291,RTO,Lotto Flint Black Running Shoes,Footwear,999,Apace Meruit Private Limited,Damaged Box,No Compensation - for Box Damaged,Resolved,2020/06/02,Payment Pending
2020/03/13,2020/06/01,200313-007-302487,124785009323817,4007057292,RTO,Lotto Ace Black Sneakers,Footwear,899,Apace Meruit Private Limited,Damaged Box,No Compensation - for Box Damaged,Resolved,2020/06/02,Payment Pending
2020/02/28,2020/06/01,200228-007-196632,124289009196504,4007057293,CIR,SoundBot SB531 Waterproof Wireless Bluetooth Speaker with Microphone (Grey),Electronics,2099,True Sense Enterprises,Damaged Product,Close on 20%,Resolved,2020/06/02,Payment Cleared
2020/03/14,2020/06/01,200314-007-308059,124423009330575,4007057295,CIR,Philips GC181 1000 W Dry Iron (Black),Electronics,1269,SAJM ONLINE,Damaged Product,No Compensation - Check if product Self Ship by customer,Resolved,2020/06/02,Payment Pending
2020/03/15,2020/06/01,200315-007-314735,124423009338538,4007057296,RTO,Philips HD4938/01 2100W Induction Cooktop (Black),Electronics,3924,SAJM ONLINE,Damaged Product,Close on 50%,Resolved,2020/06/02,Payment Cleared
2020/03/13,2020/06/01,200313-007-306020,124423009328116,4007057296,RTO,Philips HD4928/01 2100W Induction Cooktop (Black),Electronics,2599,SAJM ONLINE,Wrong Product,Close on 100%,Resolved,2020/06/02,Payment Cleared
2020/03/14,2020/06/01,200314-007-311282,124423009334453,4007057296,CIR,Philips HD4928/01 2100W Induction Cooktop (Black),Electronics,2599,SAJM ONLINE,Wrong Product,No Compensation - Check if product Self Ship by customer,Resolved,2020/06/02,Payment Pending
2020/02/09,2020/06/01,200209-007-063774,124130009035741,4007057296,CIR,Puma Corode IDP Black Running Shoes,Footwear,1933.26,Puma Sports India Pvt Ltd,Used Product,No Compensation - due to late dispute raised (Delivered on 15-May-2020 and dispute raised on 22-May-2020) & Product images not shared,Resolved,2020/06/04,Payment Pending
2020/01/17,2020/06/01,200117-006-863712,124130008779127,4007057296,CIR,Puma Blue Regular Fit Printed Sports T-Shirt,Apparel,1399,Puma Sports India Pvt Ltd,Wrong Product,No Compensation - due to late dispute raised (Delivered on 28-Jan-2020 and dispute raised on 22-May-2020) & Product images not shared,Resolved,2020/06/04,Payment Pending
2020/01/11,2020/06/01,200111-006-806522,124130008700500,4007057296,CIR,Puma Navy Regular Fit Sports Shorts,Apparel,584.16,Puma Sports India Pvt Ltd,Wrong Product,No Compensation - due to late dispute raised (Delivered on 23-Jan-2020 and dispute raised on 22-May-2020) & Product images not shared,Resolved,2020/06/04,Payment Pending
2020/03/17,2020/06/01,200317-007-326640,100220009352930,4007057296,CIR,Mufti Multicolor Printed Shirt,Apparel,1999,CREDO BRANDS MARKETING PVT LTD,Wrong Product,No Compensation - due to late dispute raised (Delivered on 19-May-2020 and dispute raised on 22-May-2020) & Product images not shared,Resolved,2020/06/04,Payment Pending
2020/03/13,2020/06/01,200313-007-304906,100220009326786,4007057296,CIR,Mufti Grey Slim Fit Printed Shirt,Apparel,899,CREDO BRANDS MARKETING PVT LTD,Wrong Product,No Compensation - due to late dispute raised (Delivered on 19-May-2020 and dispute raised on 22-May-2020) & Product images not shared,Resolved,2020/06/04,Payment Pending
2020/03/14,2020/06/01,200314-007-310419,100220009333423,4007057296,CIR,Mufti Red & Black Checks Full Sleeves Slim Fit Shirt,Apparel,999,CREDO BRANDS MARKETING PVT LTD,Wrong Product,No Compensation - due to late dispute raised (Delivered on 19-May-2020 and dispute raised on 22-May-2020) & Product images not shared,Resolved,2020/06/04,Payment Pending
2020/03/12,2020/06/01,200312-007-297910,100220009318437,4007057296,RTO,Mufti Brown Cotton Slim Fit Self Pattern Shirt,Apparel,949,CREDO BRANDS MARKETING PVT LTD,Wrong Product,No Compensation - Please share unpacking video,Resolved,2020/06/05,Payment Pending
2020/03/02,2020/06/01,200302-007-222875,125050009228322,4007057296,CIR,Spykar Raw Blue Raw Denim Skinny Fit Low Rise Jeans,Apparel,1199,SPYKAR LIFESTYLE PVT LTD,Wrong Product,Compensate full amount,Resolved,2020/06/05,Payment Cleared
2020/03/07,2020/06/01,200307-007-260980,100301009274339,4007057296,RTO,Duke Black Running Shoes,Footwear,1034,Eshopbox Ecommerce Pvt.Ltd,Wrong Product,Compensate full amount,Resolved,2020/06/05,Payment Cleared
2020/03/15,2020/06/01,200315-007-315887,100301009339900,4007057296,RTO,Duke Black Running Shoes,Footwear,1347,Eshopbox Ecommerce Pvt.Ltd,Wrong Product,Compensate full amount,Resolved,2020/06/05,Payment Cleared
2020/03/13,2020/06/01,200313-007-306316,124253009328468,4007057296,CIR,Fossil S201096 Genuine Leather Watch Strap,Watches,1747,CORACLE MARKETING AND SERVICES OPC PLT,Wrong Product,No Compensation - due to late dispute raised (Delivered on 07-May-2020 and dispute raised on 22-May-2020),Resolved,2020/06/04,Payment Pending
2020/03/19,2020/06/01,200319-007-339524,124232009368631,4007057296,CIR,Label Ritu Kumar Mustard Regular Fit Top,Apparel,760,Ritika Pvt Ltd,Wrong Product,Compensate full amount,Resolved,2020/06/05,Payment Cleared
2020/03/16,2020/06/01,200316-007-325348,123762009351380,4007057296,CIR,Fastrack 3169NM01 Loophole Analog Watch for Men,Watches,5395,Titan Company Ltd,Wrong Product,No Compensation - due to late dispute raised (Delivered on 14-May-2020 and dispute raised on 22-May-2020),Resolved,2020/06/04,Payment Pending
2020/03/10,2020/06/01,200310-007-283291,100350009301288,4007057296,RTO,LG 165.1 cm (65 Inches) Smart Ultra HD 4K OLED TV OLED65B8PTA (Black),Electronics,179987,AMIT ENTERPRISES,Damaged Box,No Compensation - Images has no Box Damage,Resolved,2020/06/02,Payment Pending
2020/03/13,2020/06/01,200313-007-305872,100081009327934,50739,CIR,Levi's Blue Skinny Fit Lightly Washed Jeans,Apparel,2479,SETU E TAIL PVT LTD,Wrong Product,No Compensation - Same brand received,Resolved,2020/06/03,Payment Pending
2020/03/13,2020/06/01,200313-007-305829,100081009327884,50738,CIR,Levi's Blue Slim Fit Lightly Washed Jeans,Apparel,1949,SETU E TAIL PVT LTD,Wrong Product,Compensate full amount,Resolved,2020/06/05,Payment Cleared
2020/03/08,2020/06/01,200308-007-265044,100081009279426,50737,CIR,Mufti Grey Super Slim Fit Heavily Washed Jeans,Apparel,1799,SETU E TAIL PVT LTD,Wrong Product,No Compensation - Same brand received,Resolved,2020/06/03,Payment Pending
2020/02/23,2020/06/01,200223-007-155221,124528009146906,4007057296,CIR,Inddus Sky Blue Embroidered Semi Stitched Lehenga Choli Set,Apparel,5499,INDDUSINC EXIM PVT LTD,Wrong Product,No Compensation - Payment is already made for this txn (Qc Failed),Resolved,2020/06/04,Payment Pending
2020/03/10,2020/06/01,200310-007-281305,100031009298935,50742,CIR,Mochi Dark Brown Sling Back Sandals,Footwear,745,METRO SHOES LIMITED,Damaged Product,No Compensation - No Damage found,Resolved,2020/06/05,Payment Pending
2020/03/10,2020/06/01,200310-007-282807,100220009300722,4007057296,CIR,Mufti Red Slim Fit Check Shirt,Apparel,1049,CREDO BRANDS MARKETING PVT LTD,Wrong Product,No Compensation - Please share unpacking video,Resolved,2020/06/05,Payment Pending
2020/03/13,2020/06/01,200313-007-305906,100031009327972,50743,CIR,Metro Antique Gold T-Strap Sandals,Footwear,1990,METRO SHOES LIMITED,Wrong Product,Compensate full amount,Resolved,2020/06/05,Payment Cleared
2020/03/12,2020/06/01,200312-007-294813,100220009314802,50741,CIR,Mufti Navy & Brown Full Sleeves Shirt,Apparel,1049,CREDO BRANDS MARKETING PVT LTD,Wrong Product,No Compensation - Please share unpacking video,Resolved,2020/06/05,Payment Pending
2020/03/13,2020/06/01,200313-007-301238,124667009322345,4007057296,CIR,Aasi - House of Nayo White Cotton Printed Kurti Palazzo Set,Apparel,1249,Bhumi E-Retail Private Limited,Wrong Product,Compensate full amount,Resolved,2020/06/05,Payment Cleared
2020/02/20,2020/06/01,200220-007-134146,124219009121550,4007057296,RTO,"Whirlpool 260L Frost Free Triple Door Refrigerator (Alpha Steel, FP 283D Royal Protton)",Electronics,24400,Tata Unistore Limited,Damaged Product,Close on 25%,Resolved,2020/06/02,Payment Cleared
2020/03/10,2020/06/01,200310-007-285957,123786009304438,50734,CIR,Varanga White & Black Printed Kurta With Palazzo,Apparel,1999,Keshvi Fashion,Wrong Product,No Compensation - due to late dispute raised (Delivered on 29-May-2020 and dispute raised on 01-Jun-2020),Resolved,2020/06/04,Payment Pending
2020/03/09,2020/06/01,200309-007-276238,123786009292985,50735,CIR,Varanga Sky Blue Cotton Embroidered Straight Kurti,Apparel,769,Keshvi Fashion,Wrong Product,No Compensation - due to late dispute raised (Delivered on 29-May-2020 and dispute raised on 01-Jun-2020),Resolved,2020/06/04,Payment Pending
2020/03/09,2020/06/01,200309-007-273763,124423009290061,50736,CIR,Intex IT-PB 10K 10000 mAh Power Bank (White),Electronics,839,SAJM ONLINE,Wrong Product,Close on 100%,Resolved,2020/06/07,Payment Cleared
2020/03/04,2020/06/02,200304-007-236228,124318009244481,50740,CIR,Skechers Go Run 400 Grey Running Shoes,Footwear,3329,SHAKTI ENTERPRISES,Wrong Product,No Compensation - due to late dispute raised (Delivered on 28-May-2020 and dispute raised on 02-Jun-2020),Resolved,2020/06/04,Payment Pending
2020/03/05,2020/06/02,200305-007-243458,100220009253231,4007057172,RTO,Mufti White & Brown Printed Half Sleeves Shirt,Apparel,949,CREDO BRANDS MARKETING PVT LTD,Wrong Product,No Compensation - due to late dispute raised (Delivered on 20-Mar-2020 and dispute raised on 02-Jun-2020),Resolved,2020/06/04,Payment Pending
2020/03/16,2020/06/02,200316-007-324708,124832009350613,4007057173,RTO,Spykar Black Slim Fit Shirt,Apparel,1899,Bhagat Collection,Wrong Product,No Compensation - due to late dispute raised (Delivered on 25-May-2020 and dispute raised on 02-Jun-2020),Resolved,2020/06/04,Payment Pending
2020/03/10,2020/06/02,200310-007-284554,100220009302797,4007057176,CIR,Mufti White Super Slim Fit Mid Rise Jeans,Apparel,1799,CREDO BRANDS MARKETING PVT LTD,Wrong Product,No Compensation - due to late dispute raised (Delivered on 25-May-2020 and dispute raised on 02-Jun-2020),Resolved,2020/06/04,Payment Pending
2020/03/16,2020/06/02,200316-007-322573,100121009348023,50744,CIR,Jockey Dark Grey Mid Rise Solid Track Pants - 9501,Apparel,879,PAGE INDUSTRIES LIMITED,Wrong Product,No Compensation - due to late dispute raised (Delivered on 29-May-2020 and dispute raised on 02-Jul-2020) and product images not shared,Resolved,2020/07/03,Payment Pending
2020/03/05,2020/06/03,200305-007-247271,124296009257820,4007057230,CIR,G-Star RAW Liquid Pink Rackam Women Sneakers,Footwear,5399.4,Genesis Luxury Fashion Private Limited,Used Product,No Compensation - Easy to remove stain,Resolved,2020/06/05,Payment Pending
2020/02/27,2020/06/03,200227-007-192253,100010009191135,4007057231,CIR,RealMe Buds Air True Wireless With Mic (White),Electronics,3999,Bathla Teletech Pvt Ltd,Wrong Product,Close on 100%,Resolved,2020/06/07,Payment Cleared
2020/03/07,2020/06/03,200307-007-259713,125049009272803,4007057232,CIR,Apple Airpods With Charging Case,Electronics,12989,RSR INFORMATICS PVT LTD,Seal Open,Close on 100%,Resolved,2020/06/07,Payment Cleared
2020/03/08,2020/06/03,200308-007-263351,124219009277259,4007057233,CIR,Boult Audio Airbass Twinpods True Wireless Bluetooth Earphoness With Mic (Grey),Electronics,1999,Tata Unistore Limited,Seal Open,Close on 10%,Resolved,2020/06/07,Payment Cleared
2020/03/10,2020/06/03,200310-007-281719,100010009299436,4007057234,CIR,Realme Buds 2 Wired Earphones With Mic (Black),Electronics,599,Bathla Teletech Pvt Ltd,Wrong Product,Close on 100%,Resolved,2020/06/07,Payment Cleared
2020/05/10,2020/06/03,200510-007-440161,100010009493110,4007057235,CIR,"Swipe X1 Tablet (10.1 inch, 4 GB RAM, 64 GB, Wi-Fi + 4G) Gold",Electronics,12999,Bathla Teletech Pvt Ltd,Missing Accessories,No Compensation - Stock to be RTV Defective product https://tataunistore0-my.sharepoint.com/:f:/g/personal/electronics-returns_tataunistore_com/Ek9JXLrcXGFOrDO5RnT8648BCd14Rbkfg6GxRZKHUGcqTQ?e=vMzIOk,Resolved,2020/06/07,Payment Pending
2020/05/09,2020/06/03,200509-007-435143,100010009486787,4007057236,CIR,Realme Buds Wireless Bluetooth Neckband (Black And Yellow),Electronics,1799,Bathla Teletech Pvt Ltd,Empty Box,Close on 100%,Resolved,2020/06/07,Payment Cleared
2020/03/20,2020/06/03,200320-007-346496,124802009377024,4007057237,CIR,Spykar Blue Super Skinny Fit Low Rise Jeans,Apparel,3299,Man Mandir House,Wrong Product,No Compensation - QC Fail and payment is already with you.,Resolved,2020/06/11,Payment Pending
2020/03/07,2020/06/03,200307-007-259683,124423009272759,4007057238,RTO,Bajaj Majesty 1.5 L RCX 3 Rice Cooker White,Electronics,1491,SAJM ONLINE,Wrong Product,No Compensation - No Damage found,Resolved,2020/06/07,Payment Pending
2020/03/31,2020/06/03,200331-007-366881,123774009402847,50745,CIR,Armani Exchange Nero Metal Logo Buckle Waist Belt,Accessories,3599.4,Genesis La Mode Private Limited,Wrong Product,No Compensation -  Same brand received.,Resolved,2020/06/03,Payment Cleared
2020/03/05,2020/06/03,200305-007-243279,100081009253019,50746,CIR,Mufti Blue Skinny Fit Heavily Washed Jeans,Apparel,1649,SETU E TAIL PVT LTD,Wrong Product,Compensate full amount,Resolved,2020/06/08,Payment Cleared
2020/02/25,2020/06/03,200225-007-174881,124055009170117,50747,CIR,Puma Speeder Tetron II Ind Black Running Shoes,Footwear,1199,Padmawati Enterprises,Wrong Product,No Compensation - due to late dispute raised (Delivered on 31-May-2020 and dispute raised on 03-Jun-2020),Resolved,2020/06/04,Payment Pending
2020/03/04,2020/06/03,200304-007-237142,124055009245602,50748,CIR,Puma Speeder Tetron II Ind Black Running Shoes,Footwear,1199,Padmawati Enterprises,Wrong Product,No Compensation - due to late dispute raised (Delivered on 31-May-2020 and dispute raised on 03-Jun-2020),Resolved,2020/06/04,Payment Pending
2020/05/08,2020/06/03,200508-007-431380,124219009482116,50749,CIR,Blaupunkt Em10 Wired Earphones With Mic (Black),Electronics,549,Tata Unistore Limited,Seal Open,Close on 10%,Resolved,2020/06/07,Payment Cleared
2020/05/22,2020/06/03,200522-007-495167,124219009564226,50750,CIR,Boult Audio Probass Space Bluetooth Earphones With Mic (Greyblack),Electronics,999,Tata Unistore Limited,Seal Open,Close on 10%,Resolved,2020/06/07,Payment Cleared
2020/04/25,2020/06/03,200425-007-383644,124219009423767,50751,CIR,"boAt BassHeads 100 T Wired Earphones with Super Extra Bass, Hawk-Inspired Design & Mic (White)",Electronics,399,Tata Unistore Limited,Seal Open,Close on 10%,Resolved,2020/06/07,Payment Cleared
2020/05/14,2020/06/03,200514-007-456631,124219009513802,50752,CIR,Boult Audio Bassbuds Basswood Wired Earphones With Mic (Silver),Electronics,399,Tata Unistore Limited,Seal Open,Close on 10%,Resolved,2020/06/07,Payment Cleared
2020/05/19,2020/06/03,200519-007-482357,124219009547410,50753,CIR,Boult Audio BassBox Unplug Portable Wireless Deep Bass Bluetooth Speaker (Black),Electronics,1399,Tata Unistore Limited,Seal Open,Close on 10%,Resolved,2020/06/07,Payment Cleared
2020/05/06,2020/06/03,200506-007-425166,124177009474353,50754,CIR,"Micromax Canvas 2 16 GB (Chrome Black) 3GB RAM, Dual Sim 4G",Electronics,4799,Suvans Softo,Used Product,Close on 25%,Resolved,2020/06/07,Payment Cleared
2020/03/12,2020/06/03,200312-007-298441,124785009319046,4007057239,RTO,Lotto Grey & Black Sneakers,Footwear,999,Apace Meruit Private Limited,Damaged Box,No Compensation - for Box Damaged,Resolved,2020/06/04,Payment Pending
2020/03/16,2020/06/03,200316-007-325441,124785009351489,4007057240,RTO,Lotto Wings II Black Sneakers,Footwear,1299,Apace Meruit Private Limited,Damaged Box,No Compensation - for Box Damaged,Resolved,2020/06/04,Payment Pending
2020/03/18,2020/06/03,200318-007-333179,124785009360877,4007057241,RTO,Lotto Flint Black Running Shoes,Footwear,999,Apace Meruit Private Limited,Damaged Box,No Compensation - for Box Damaged,Resolved,2020/06/04,Payment Pending
2020/03/15,2020/06/03,200315-007-320109,124785009345024,4007057242,RTO,Lotto Flint Black Running Shoes,Footwear,999,Apace Meruit Private Limited,Damaged Box,No Compensation - for Box Damaged,Resolved,2020/06/04,Payment Pending
2020/03/17,2020/06/03,200317-007-328153,124785009354745,4007057243,RTO,Lotto Run Pro Dark Grey Running Shoes,Footwear,999,Apace Meruit Private Limited,Damaged Box,No Compensation - for Box Damaged,Resolved,2020/06/04,Payment Pending
2020/03/16,2020/06/03,200316-007-324484,124785009350331,4007057244,RTO,Lotto Run Pro Dark Grey Running Shoes,Footwear,999,Apace Meruit Private Limited,Damaged Box,No Compensation - for Box Damaged,Resolved,2020/06/04,Payment Pending
2020/03/24,2020/06/03,200324-007-361745,124785009396556,4007057245,RTO,Lotto Run Pro Navy Running Shoes,Footwear,1049,Apace Meruit Private Limited,Wet Product,No Compensation - due to late dispute raised (Delivered on 30-May-2020 and dispute raised on 03-Jun-2020),Resolved,2020/06/04,Payment Pending
2020/03/09,2020/06/03,200309-007-274907,124219009291432,4007057247,CIR,Voltas 1.5 Ton Inverter 5 Star Delux Cool 185V DYE Split AC (White),Electronics,34000,Tata Unistore Limited,Damaged Product,Close on 5%,Resolved,2020/06/07,Payment Cleared
2020/03/06,2020/06/03,200306-007-250962,124219009262258,4007057248,CIR,Voltas 1.5 Ton Inverter 5 Star Delux Cool 185V DYE Split AC (White),Electronics,34000,Tata Unistore Limited,Damaged Product,Close on 5%,Resolved,2020/06/07,Payment Cleared
2020/05/24,2020/06/04,200524-007-510572,125049009584515,4007057247,RTO,Apple AirPods Pro (White),Electronics,24899,RSR INFORMATICS PVT LTD,Wrong Product,Close on 100%,Resolved,2020/06/07,Payment Cleared
2020/05/23,2020/06/04,200523-007-502781,100010009574404,4007057248,CIR,RealMe Buds Air True Wireless With Mic (White),Electronics,3999,Bathla Teletech Pvt Ltd,Wrong Product,No Compensation - Payment is already made for this txn (Qc Failed),Resolved,2020/06/07,Payment Pending
2020/05/04,2020/06/04,200504-007-416686,100010009463846,4007057249,CIR,"Swipe X1 Tablet (10.1 inch, 4 GB RAM, 64 GB, Wi-Fi + 4G) Gold",Electronics,12999,Bathla Teletech Pvt Ltd,Seal Open,No Compensation - Stock to be RTV Defective product .https://tataunistore0-my.sharepoint.com/:f:/g/personal/electronics-returns_tataunistore_com/EqSxukycCtxGtteRjlZoadEBeIOb4RaXP6-_kVtI6Dw9sA?e=9BOHzu,Resolved,2020/06/07,Payment Pending
2020/05/14,2020/06/04,200514-007-455164,124219009511873,4007057248,CIR,Boult Audio Probass Curve Bluetooth Wireless Neckband With Mic (Blue),Electronics,1299,Tata Unistore Limited,Wrong Product,No Compensation - Payment is already made for this txn (Qc Failed),Resolved,2020/06/07,Payment Pending
2020/03/16,2020/06/04,200316-007-325735,124448009351823,50755,CIR,Samsung Eo-Eg920B Wired Earphones (Black),Electronics,949,Ringtel Marketing,Damaged Product,Close on 50%,Resolved,2020/06/07,Payment Cleared
2020/01/15,2020/06/04,200115-006-834254,124659008737604,4007057250,RTO,WD My Passport 2 TB Portable Hard Drive (Black),Electronics,5398,Sanskriti Enterprises,Wrong Product,Close on 100%,Resolved,2020/06/07,Payment Cleared
2020/01/22,2020/06/04,200122-006-927096,124659008864693,4007057251,RTO,WD My Passport 2 TB Portable External Hard Drive (Black) (WDBYVG0020BBK-WESN),Electronics,5194,Sanskriti Enterprises,Wrong Product,Close on 100%,Resolved,2020/06/07,Payment Cleared
2020/02/23,2020/06/04,200223-007-153083,124448009144363,50769,CIR,Hammer Airflow Bluetooth Truly Wireless Earbuds TWS with Mic Range 10M Usage time 3-4H (Black),Electronics,1494,Ringtel Marketing,Seal Open,No Compensation - Faulty Product https://tataunistore0-my.sharepoint.com/:f:/g/personal/electronics-returns_tataunistore_com/EiZtesM4LGFJsVt4eFQhxz8BeBdnioSABqVYUhMdS5eX-w?e=ChzOjJ,Resolved,2020/06/07,Payment Pending
2020/03/18,2020/06/04,200318-007-336675,124418009365123,4007057254,CIR,Mufti Black Slim Fit Linen Shirt,Apparel,979,RUBIX ENTERPRISES PRIVATE LIMITED,Wrong Product,Compensate full amount,Resolved,2020/06/08,Payment Cleared
2020/03/18,2020/06/04,200318-007-336675,124418009365122,4007057255,CIR,Mufti Black Solid Mid Rise Jeans,Apparel,991,RUBIX ENTERPRISES PRIVATE LIMITED,Wrong Product,Compensate full amount,Resolved,2020/06/13,Payment Cleared
2020/03/18,2020/06/04,200318-007-336675,124418009365124,4007057256,CIR,Mufti Navy Printed Slim Fit T-Shirt,Apparel,734,RUBIX ENTERPRISES PRIVATE LIMITED,Wrong Product,Compensate full amount,Resolved,2020/06/11,Payment Cleared
2020/02/25,2020/06/04,200225-007-176945,124055009172406,50756,CIR,Puma Speeder Tetron II Ind Black Running Shoes,Footwear,1199,Padmawati Enterprises,Wrong Product,No Compensation - due to late dispute raised (Delivered on 31-May-2020 and dispute raised on 04-Jun-2020),Resolved,2020/06/04,Payment Pending
2020/05/21,2020/06/04,200521-007-491752,124055009559706,50757,CIR,Puma Ketava Duo DP Blue & Beige Flip Flops,Footwear,2199,Padmawati Enterprises,Wrong Product,No Compensation - Wrong Product dispatched to the customer.,Resolved,2020/06/08,Payment Pending
2020/03/17,2020/06/04,200317-007-329388,124219009356235,50758,CIR,boAt Rockerz 510 T Wireless Headphone with Thumping Bass and Up to 10H Playtime (Jazzy Blue),Electronics,1599,Tata Unistore Limited,Missing Box,Close on 10%,Resolved,2020/06/07,Payment Cleared
2020/04/13,2020/06/04,200413-007-374987,124219009412902,50759,RTO,Boat Rockerz 510 Extra Bass Over the Ear Bluetooth Headphones with Mic (Viper Green),Electronics,1599,Tata Unistore Limited,Damaged Product,Close on 10%,Resolved,2020/06/07,Payment Cleared
2020/03/21,2020/06/04,200321-007-349491,124219009380592,50760,RTO,Boat Rockerz 510 Extra Bass Over the Ear Bluetooth Headphones with Mic (Viper Green),Electronics,1599,Tata Unistore Limited,Damaged Product,Close on 10%,Resolved,2020/06/07,Payment Cleared
2020/04/23,2020/06/04,200423-007-382618,124219009422446,50761,CIR,boAt Rockerz 510 T Wireless Headphone with Thumping Bass and Up to 10H Playtime (Viper Green),Electronics,1599,Tata Unistore Limited,Missing Accessories,Close on 10%,Resolved,2020/06/07,Payment Cleared
2020/05/23,2020/06/04,200523-007-502204,124219009573659,50762,CIR,Boult Audio BassBud Q2 Wired Headset with Mic (Black),Electronics,699,Tata Unistore Limited,Seal Open,Close on 10%,Resolved,2020/06/07,Payment Cleared
2020/03/17,2020/06/04,200317-007-332501,124418009360096,4007057257,CIR,Mufti White Full Sleeves Slim Fit Shirt,Apparel,930,RUBIX ENTERPRISES PRIVATE LIMITED,Wrong Product,Compensate full amount,Resolved,2020/06/11,Payment Cleared
2020/05/19,2020/06/04,200519-007-482715,124866009547851,50768,CIR,Samsung EVO Plus MB-MC32GA/IN 32 GB SDXC microSD Card,Electronics,488,Pankh Infotech,Wrong Product,Close on 100%,Resolved,2020/06/07,Payment Cleared
2020/03/11,2020/06/04,200311-007-287817,124130009306653,4007057259,CIR,Puma ESS Peacoat Blue Applique Cotton Baseball Cap,Accessories,299.32,Puma Sports India Pvt Ltd,Wrong Product,No Compensation - due to late dispute raised (Delivered on 23-Mar-2020 and dispute raised on 04-Jun-2020),Resolved,2020/06/04,Payment Pending
2020/03/17,2020/06/04,200317-007-328251,124130009354869,4007057260,RTO,Puma Anzarun White Sneakers,Footwear,5999,Puma Sports India Pvt Ltd,Wrong Product,No Compensation - due to late dispute raised (Delivered on 20-May-2020 and dispute raised on 04-Jun-2020),Resolved,2020/06/04,Payment Pending
2020/03/11,2020/06/04,200311-007-290432,124130009309717,4007057261,CIR,Puma Tishatsu Runner Peacoat Running Shoes,Footwear,2474.45,Puma Sports India Pvt Ltd,Wrong Product,No Compensation - due to late dispute raised (Delivered on 20-May-2020 and dispute raised on 04-Jun-2020),Resolved,2020/06/04,Payment Pending
2020/02/18,2020/06/04,200218-007-123310,124219009107944,4007057262,RTO,Hitachi 1.8 Ton Inverter 3 Star Copper RMNG322HCEA Split AC (White/Gold),Electronics,43000,Tata Unistore Limited,Damaged Product,Close on 5%,Resolved,2020/06/07,Payment Cleared
2020/03/22,2020/06/04,200322-007-353483,124219009385496,4007057263,RTO,Philips MG7715/15 13 in 1 Face Hair and Body Multi Groomer Trimmer (Silver),Electronics,3250,Tata Unistore Limited,Damaged Box,Close on 10%,Resolved,2020/06/07,Payment Cleared
2020/05/06,2020/06/04,200506-007-422359,124219009470774,4007057264,RTO,Philips SalonDry HP8100/46 Thermo Protect Hair Dryer (Purple),Electronics,830,Tata Unistore Limited,Damaged Box,Close on 10%,Resolved,2020/06/07,Payment Cleared
2020/03/15,2020/06/04,200315-007-313067,100350009336547,4007057265,RTO,Bosch HMB55C463X 32L Convection Microwave Oven (Black),Electronics,14000,AMIT ENTERPRISES,Damaged Product,Close on 25%,Resolved,2020/06/07,Payment Cleared
2020/03/15,2020/06/04,200315-007-316700,124170009340902,4007057266,CIR,Hypernation Black Full Sleeves Cotton T-Shirt,Apparel,479,Sapphire House of Fashion Pvt Ltd,Wrong Product,Compensate full amount,Resolved,2020/06/04,Payment Cleared
2020/05/20,2020/06/04,200520-007-488191,100010009554957,4007057267,CIR,RealMe Buds Air True Wireless With Mic (White),Electronics,3999,Bathla Teletech Pvt Ltd,Seal Open,Close on 100%,Resolved,2020/06/07,Payment Cleared
2020/03/20,2020/06/04,200320-007-347495,124219009378251,50763,CIR,Boult Audio BassBox Unplug Portable Wireless Deep Bass Bluetooth Speaker (Black),Electronics,1349,Tata Unistore Limited,Missing Accessories,Close on 10%,Resolved,2020/06/07,Payment Cleared
2020/05/05,2020/06/04,200505-007-418819,124219009466478,50764,CIR,Boult Audio Probass Curve Bluetooth Wireless Neckband With Mic (Black),Electronics,1399,Tata Unistore Limited,Seal Open,Close on 10%,Resolved,2020/06/07,Payment Cleared
2020/05/19,2020/06/04,200519-007-479997,124219009544290,50765,CIR,Boult Audio Probass Curve Bluetooth Wireless Neckband With Mic (Red),Electronics,1299,Tata Unistore Limited,Seal Open,Close on 10%,Resolved,2020/06/07,Payment Cleared
2020/03/15,2020/06/04,200315-007-314750,124219009338557,50766,CIR,Boult Audio Probass Curve Bluetooth Wireless Neckband With Mic (Black),Electronics,1149,Tata Unistore Limited,Seal Open,Close on 10%,Resolved,2020/06/07,Payment Cleared
2020/03/15,2020/06/05,200315-007-318857,124170009343504,50767,CIR,Hypernation Black & Grey Striped T-Shirt,Apparel,599,Sapphire House of Fashion Pvt Ltd,Wrong Product,"No Compensation - Product has been delivered to the different seller. Hence, we will arrange a pick up from both side and deliver the right product.",Resolved,2020/06/11,Payment Pending
2020/04/30,2020/06/05,200430-007-399155,100301009442744,50770,CIR,Clarks Tri Toe Post White Thong Sandals,Footwear,4999,Eshopbox Ecommerce Pvt.Ltd,Used Product,No Compensation - Customer used for trail basis,Resolved,2020/06/08,Payment Pending
2020/03/11,2020/06/05,200311-007-290792,100220009310156,4007057268,RTO,Mufti Khaki Slim Fit Distressed Cotton Shirt,Apparel,899,CREDO BRANDS MARKETING PVT LTD,Wrong Product,No Compensation - due to late dispute raised (Product Delivered on 25-Mar-2020 and dispute raised on 05-Jun-2020,Resolved,2020/06/13,Payment Pending
2020/02/27,2020/06/05,200227-007-193118,124219009192167,4007057269,CIR,Samsung NU6100 108 cm (43 Inches) Smart 4K Ultra HD LED TV (Glossy Black),Electronics,35999,Tata Unistore Limited,Wrong Product,No Compensation - Qc not closed,Resolved,2020/06/09,Payment Pending
2020/02/18,2020/06/05,200218-007-125203,100220009110268,4007057270,RTO,Mufti Khaki Slim Fit Distressed Cotton Shirt,Apparel,899,CREDO BRANDS MARKETING PVT LTD,Wrong Product,Compensate full amount,Resolved,2020/06/11,Payment Cleared
2020/02/27,2020/06/05,200227-007-188937,124423009187165,4007057271,CIR,Bajaj Majesty RCX1 0.4 L Mini Multifunction Cooker (White),Electronics,1042,SAJM ONLINE,Wrong Product,No Compensation - Seller has to Shared the product image and product Delivered on 19th May,Resolved,2020/06/09,Payment Pending
2020/03/01,2020/06/05,200301-007-215823,124423009219734,4007057272,CIR,Eureka Forbes Trendy Zip 1000W Vacuum Cleaner (Black and Red),Electronics,2699,SAJM ONLINE,Wrong Product,No Compensation - Seller claims Received Damaged Product as per Mail once he Shared the product image and product Delivered on 19th May,Resolved,2020/06/09,Payment Pending
2020/03/10,2020/06/05,200310-007-281444,124423009299099,4007057273,CIR,Eureka Forbes Trendy Zip 1000W Vacuum Cleaner (Black and Red),Electronics,2699,SAJM ONLINE,Wrong Product,No Compensation -  Seller claims Received Damaged Product as per Mail once he Shared the product image has sent Flipcart product https://tataunistore0-my.sharepoint.com/:f:/g/personal/electronics-returns_tataunistore_com/EvoB084m6vJMuA7jS-82jbkBkgGze3G5v47NWBFEQF253g?e=f9o2hf and product Delivered on 19th May,Resolved,2020/06/09,Payment Pending
2020/03/03,2020/06/05,200303-007-229569,124147009236500,4007057274,CIR,SanDisk Ultra SDDD3-128G-I35 128 GB USB Flash Drive (Black),Electronics,1499,SUN ENTERPRISES (124147-IND),Wrong Product,No Compensation - QC Fail and payment is already with you.,Resolved,2020/06/08,Payment Pending
2020/05/13,2020/06/05,200513-007-451530,100010009507285,50771,CIR,Apple MC461LL MagSafe 60W Power Adapter (White),Electronics,7490,Bathla Teletech Pvt Ltd,Seal Open,No Compensation - RTV Product https://tataunistore0-my.sharepoint.com/:f:/g/personal/electronics-returns_tataunistore_com/Epj9ubTP6ElIvNViQaK23EMB6pCUdcrFMtvDik06pIhbGA?e=Gp4hpJ,Resolved,2020/06/09,Payment Pending
2020/03/19,2020/06/05,200319-007-340501,100010009369806,50772,CIR,Realme Buds Wireless Bluetooth Neckband (Black And Yellow),Electronics,1799,Bathla Teletech Pvt Ltd,Seal Open,Close on 100%,Resolved,2020/06/09,Payment Cleared
2020/03/17,2020/06/06,200317-007-327644,125152009354131,50773,CIR,Monte Carlo Navy Skinny Fit Mid Rise Jeans,Apparel,2499,Monte Carlo Fashion Ltd.,Wrong Product,Compensate full amount,Resolved,2020/06/11,Payment Cleared
2020/03/19,2020/06/06,200319-007-340581,100301009369901,50774,CIR,Cover Story Blue Textured Trousers,Apparel,1245,Eshopbox Ecommerce Pvt.Ltd,Wrong Product,No Compensation - Customer returned multiple product and hence your product delivered to different seller.,Resolved,2020/06/08,Payment Pending
2020/03/08,2020/06/06,200308-007-265307,100301009279748,50775,CIR,Duke Dark Brown Casual Loafers,Footwear,997,Eshopbox Ecommerce Pvt.Ltd,Used Product,Close on 15%,Resolved,2020/06/13,Payment Cleared
2020/03/16,2020/06/06,200316-007-322076,100301009347410,50776,CIR,Duke Dark Brown Casual Slip-Ons,Footwear,986,Eshopbox Ecommerce Pvt.Ltd,Used Product,No Compensation - Customer used for trail basis,Resolved,2020/06/08,Payment Pending
2020/03/15,2020/06/06,200315-007-320028,100301009344931,50777,CIR,Clarks Form Easy Brown Loafers,Footwear,4499,Eshopbox Ecommerce Pvt.Ltd,Used Product,No Compensation - Customer used for trail basis,Resolved,2020/06/13,Payment Pending
2020/03/04,2020/06/06,200304-007-237078,100301009245521,50778,CIR,Cover Story Maroon Checks Top,Apparel,916,Eshopbox Ecommerce Pvt.Ltd,Damaged Product,No Compensation - No visible Damage found,Resolved,2020/06/08,Payment Pending
2020/04/04,2020/06/06,200404-007-369167,100301009405670,50779,CIR,Clarks Hamilton Drive Navy Loafers,Footwear,2499,Eshopbox Ecommerce Pvt.Ltd,Used Product,No Compensation - Customer used for trail basis,Resolved,2020/06/08,Payment Pending
2020/03/10,2020/06/06,200310-007-284406,124318009302612,50780,CIR,Nike Revolution 4 Black Running Shoes,Footwear,3595,SHAKTI ENTERPRISES,Wrong Product,Compensate full amount,Resolved,2020/06/11,Payment Cleared
2020/03/19,2020/06/06,200319-007-342240,124822009371862,50781,CIR,Spykar Mustard Slim Fit Printed Shirt,Apparel,1899,Alpha Traders (124822-6897),Wrong Product,Compensate full amount,Resolved,2020/06/11,Payment Cleared
2020/03/08,2020/06/06,200308-007-266314,124570009280989,50782,CIR,Latin Quarters Black Embellished Dress,Apparel,2550,Ikon Retail Pvt Ltd (124570-IRPSS1),Wrong Product,Compensate full amount,Resolved,2020/06/16,Payment Cleared
2020/03/16,2020/06/06,200316-007-321480,124570009346677,50783,CIR,Latin Quarters Black Printed Maxi Dress,Apparel,899,Ikon Retail Pvt Ltd (124570-IRPSS1),Wrong Product,Compensate full amount,Resolved,2020/06/11,Payment Cleared
2020/03/13,2020/06/06,200313-007-303638,124130009325240,50784,CIR,Puma NRGY Dynamo Futuro Dark Grey Floater Sandals,Footwear,2699.4,Puma Sports India Pvt Ltd,Wrong Product,No Compensation - due to late dispute raised (Delivered on 01-Jun-2020 and dispute raised on 06-Jun-2020),Resolved,2020/06/08,Payment Pending
2020/05/14,2020/06/06,200514-007-455322,124130009512061,50795,CIR,Puma Force IDP Dark Shadow Floater Sandals,Footwear,1754,Puma Sports India Pvt Ltd,Used Product,No Compensation - Customer used for trail basis,Resolved,2020/06/08,Payment Pending
2020/05/19,2020/06/06,200519-007-480387,124130009544801,50796,CIR,Puma Royalcat White Casual Sandals,Footwear,2499,Puma Sports India Pvt Ltd,Used Product,No Compensation - Customer used for trail basis,Resolved,2020/06/08,Payment Pending
2020/05/20,2020/06/06,200520-007-488859,124130009555847,50797,CIR,Puma Mercedes Future Kart Cat Black Sneakers,Footwear,3147.45,Puma Sports India Pvt Ltd,Wrong Product,Compensate full amount,Resolved,2020/06/11,Payment Cleared
2020/03/20,2020/06/06,200320-007-344619,124219009374729,50798,CIR,Boult Audio Bassbud X1 Wired Headset Noise Cancellation With Mic (Grey),Electronics,349,Tata Unistore Limited,Seal Open,Close on 10%,Resolved,2020/06/09,Payment Cleared
2020/05/06,2020/06/06,200506-007-425226,124219009474423,50799,CIR,boAt Rockerz 400 T Wireless Headphone with Super Extra Bass & Up to 8H Playtime (Black/Blue),Electronics,1598,Tata Unistore Limited,Missing Accessories,Close on 10%,Resolved,2020/06/09,Payment Cleared
2020/05/23,2020/06/06,200523-007-504086,124219009576103,50800,CIR,Boult Audio Bassbuds Loop Wired Earphones With Mic (Red),Electronics,449,Tata Unistore Limited,Seal Open,Close on 10%,Resolved,2020/06/09,Payment Cleared
2020/05/13,2020/06/06,200513-007-448716,124130009503654,50801,CIR,Puma Campario IDP Peacoat Slip-Ons,Footwear,1624,Puma Sports India Pvt Ltd,Wrong Product,Compensate full amount,Resolved,2020/06/11,Payment Cleared
2020/05/04,2020/06/06,200504-007-418316,100010009465857,50802,CIR,Realme Buds Wireless Bluetooth Neckband (Orange),Electronics,1799,Bathla Teletech Pvt Ltd,Seal Open,Close on 100%,Resolved,2020/06/09,Payment Cleared
2020/05/11,2020/06/06,200511-007-443694,100010009497395,50803,CIR,RealMe Buds Air True Wireless With Mic (White),Electronics,3999,Bathla Teletech Pvt Ltd,Seal Open,Close on 100%,Resolved,2020/06/09,Payment Cleared
2020/05/20,2020/06/06,200520-007-484608,100010009550331,50804,CIR,"Swipe X1 Tablet (10.1 inch, 4 GB RAM, 64 GB, Wi-Fi + 4G) Gold",Electronics,13499,Bathla Teletech Pvt Ltd,Seal Open,No Compensation - RTV Product https://tataunistore0-my.sharepoint.com/:f:/g/personal/electronics-returns_tataunistore_com/EpUNbPbI2-pBhi_YgCGcg3MBLR251TNezwY__mMQ1oUhcQ?e=Umc19l,Resolved,2020/06/09,Payment Pending
2020/04/19,2020/06/06,200419-007-379928,100010009419111,50805,CIR,Realme Buds Wireless Bluetooth Neckband (Black And Yellow),Electronics,1799,Bathla Teletech Pvt Ltd,Seal Open,Close on 100%,Resolved,2020/06/09,Payment Cleared
2020/05/25,2020/06/07,200525-007-511302,124219009585543,50806,CIR,"Blaupunkt Waterproof Wireless Earpods with Microphone (BTW Pro, Grey)",Electronics,5999,Tata Unistore Limited,Seal Open,Close on 10%,Resolved,2020/06/09,Payment Cleared
2020/04/30,2020/06/07,200430-007-400638,124219009444583,50807,CIR,Blaupunkt BTW01 Bluetooth In The Ear Earbuds (Black),Electronics,3999,Tata Unistore Limited,Wrong Product,Close on 100%,Resolved,2020/06/09,Payment Cleared
2020/04/30,2020/06/07,200430-007-398384,124219009441804,50808,CIR,Boult Audio Probass Curve Bluetooth Wireless Neckband With Mic (Black),Electronics,1399,Tata Unistore Limited,Seal Open,Close on 10%,Resolved,2020/06/09,Payment Cleared
2020/05/19,2020/06/07,200519-007-480362,124219009544772,50809,CIR,"boAt Rockerz 255 T Wireless Neckband with Super Extra Bass, Qualcomm Chipset & IPX5 (Black)",Electronics,1498,Tata Unistore Limited,Missing Accessories,Close on 10%,Resolved,2020/06/09,Payment Cleared
2020/05/18,2020/06/07,200518-007-475584,124219009538552,50810,CIR,Boult Audio Probass Curve Bluetooth Wireless Neckband With Mic (Red),Electronics,1299,Tata Unistore Limited,Missing Accessories,Close on 10%,Resolved,2020/06/09,Payment Cleared
2020/03/01,2020/06/08,200301-007-212686,123781009215970,4007057275,CIR,Furo by Red Chief White & Sky Blue Running Shoes,Footwear,1880,Leayan Global Pvt Ltd (123781-LEAYAN),Used Product,No Compensation - Customer used for trail basis,Resolved,2020/06/13,Payment Pending
2020/03/21,2020/06/08,200321-007-347999,124219009378848,4007057276,CIR,"boAt Rockerz 255 T Wireless Neckband with Super Extra Bass, Qualcomm Chipset & IPX5 (Black)",Electronics,1399,Tata Unistore Limited,Wrong Product,No Compensation - QC Fail and payment is already with you.,Resolved,2020/06/09,Payment Pending
2020/05/13,2020/06/08,200513-007-451854,124219009507698,4007057277,CIR,"boAt BassHeads 220 T Wired Earphones with Super Extra Bass, Tangle-free Cable & Metal Finish (Blue)",Electronics,598,Tata Unistore Limited,Wrong Product,No Compensation - Qc not closed,Resolved,2020/06/09,Payment Pending
2020/03/22,2020/06/08,200323-007-356930,124533009390832,4007057278,CIR,Mimosa Red Printed Kanjivaram Saree With Blouse,Apparel,2067,Kataria Silk house Private Limited (124533-KSHS1),Wrong Product,No Compensation - QC Fail and payment is already with you.,Resolved,2020/06/11,Payment Pending
2020/05/03,2020/06/08,200503-007-410057,100220009455940,4007057279,CIR,Mufti Black Mid Rise Lightly Washed Jeans,Apparel,1449,CREDO BRANDS MARKETING PVT LTD,Wrong Product,Compensate full amount,Resolved,2020/06/11,Payment Cleared
2020/03/15,2020/06/08,200315-007-319653,123906009344463,4007057280,RTO,Jaipur Kurti Black & White Striped Straight Kurti,Apparel,729,Nandani Creation Limited,Wrong Product,Compensate full amount,Resolved,2020/06/11,Payment Cleared
2020/03/09,2020/06/08,200309-007-273847,124811009290163,4007057281,CIR,Spykar Black Slim Fit Low Rise Jeans,Apparel,3699,Youth Fashion INC (124811-7315),Wrong Product,No Compensation - QC Fail and payment is already with you.,Resolved,2020/06/11,Payment Pending
2020/03/14,2020/06/08,200314-007-312207,123781009335524,4007057283,CIR,Red Chief Tan Casual Boots,Footwear,3995,Leayan Global Pvt Ltd (123781-LEAYAN),Wrong Product,Compensate full amount,Resolved,2020/06/16,Payment Cleared
2020/05/09,2020/06/08,200509-007-434521,123841009485999,4007057284,CIR,Vega VHTH-12 T-Style Beard/Hair Trimmer (Black),Electronics,1116,Trinitron Softech Pvt Ltd (123841-DELHG),Used Product,Close on 25%,Resolved,2020/06/09,Payment Cleared
2020/03/22,2020/06/08,200322-007-356497,123841009390301,4007057285,CIR,PANASONIC ER-GY10 Grooming Kit Black,Electronics,1781,Trinitron Softech Pvt Ltd (123841-DTV),Used Product,No Compensation - Customer Received Used Product https://tataunistore0-my.sharepoint.com/:f:/g/personal/electronics-returns_tataunistore_com/En17xigLBypOgOO_zfgDnw0Bbhut9kjuKhSz59Bi1hbthQ?e=pf3iXe,Resolved,2020/06/09,Payment Pending
2020/03/29,2020/06/08,200329-007-365360,100301009400969,50811,CIR,Duke Navy & Beige Regular Fit Reversible Sweatshirt,Apparel,918,Eshopbox Ecommerce Pvt.Ltd,Damaged Product,No Compensation - No Visible Damage found,Resolved,2020/06/08,Payment Pending
2020/05/17,2020/06/08,200517-007-470223,100301009531455,50812,CIR,Duke Red Boat Shoes,Footwear,764,Eshopbox Ecommerce Pvt.Ltd,Used Product,No Compensation - Customer used for trail basis,Resolved,2020/06/08,Payment Pending
2020/04/13,2020/06/08,200413-007-375082,125152009413035,50813,CIR,Monte Carlo Grey Tracksuit,Apparel,1397,Monte Carlo Fashion Ltd.,Used Product,No Compensation - Customer used for trail basis,Resolved,2020/06/08,Payment Pending